timestamp,delay_minutes
2025-10-01 00:00:00,9.48
2025-10-01 00:15:00,12.8
2025-10-01 00:30:00,9.88
2025-10-01 00:45:00,5.45
2025-10-01 01:00:00,6.55
2025-10-01 01:15:00,6.41
2025-10-01 01:30:00,12.56
2025-10-01 01:45:00,4.68
2025-10-01 02:00:00,23.32
2025-10-01 02:15:00,2.43
2025-10-01 02:30:00,12.76
2025-10-01 02:45:00,8.62
2025-10-01 03:00:00,2.51
2025-10-01 03:15:00,11.26
2025-10-01 03:30:00,9.8
2025-10-01 03:45:00,12.09
2025-10-01 04:00:00,8.83
2025-10-01 04:15:00,14.14
2025-10-01 04:30:00,8.06
2025-10-01 04:45:00,21.12
2025-10-01 05:00:00,9.5
2025-10-01 05:15:00,10.02
2025-10-01 05:30:00,4.96
2025-10-01 05:45:00,7.32
2025-10-01 06:00:00,4.7
2025-10-01 06:15:00,5.28
2025-10-01 06:30:00,35.2
2025-10-01 06:45:00,28.75
2025-10-01 07:00:00,20.02
2025-10-01 07:15:00,2.2
2025-10-01 07:30:00,7.1
2025-10-01 07:45:00,1.69
2025-10-01 08:00:00,19.13
2025-10-01 08:15:00,14.56
2025-10-01 08:30:00,11.91
2025-10-01 08:45:00,13.41
2025-10-01 09:00:00,5.0
2025-10-01 09:15:00,18.21
2025-10-01 09:30:00,17.47
2025-10-01 09:45:00,12.28
2025-10-01 10:00:00,6.01
2025-10-01 10:15:00,11.06
2025-10-01 10:30:00,19.39
2025-10-01 10:45:00,10.91
2025-10-01 11:00:00,9.83
2025-10-01 11:15:00,8.21
2025-10-01 11:30:00,2.4
2025-10-01 11:45:00,7.83
2025-10-01 12:00:00,6.55
2025-10-01 12:15:00,7.76
2025-10-01 12:30:00,30.98
2025-10-01 12:45:00,7.74
2025-10-01 13:00:00,8.07
2025-10-01 13:15:00,10.33
2025-10-01 13:30:00,8.53
2025-10-01 13:45:00,11.52
2025-10-01 14:00:00,7.42
2025-10-01 14:15:00,10.35
2025-10-01 14:30:00,11.56
2025-10-01 14:45:00,5.67
2025-10-01 15:00:00,10.15
2025-10-01 15:15:00,9.44
2025-10-01 15:30:00,18.32
2025-10-01 15:45:00,6.66
2025-10-01 16:00:00,3.06
2025-10-01 16:15:00,8.87
2025-10-01 16:30:00,19.31
2025-10-01 16:45:00,1.92
2025-10-01 17:00:00,10.62
2025-10-01 17:15:00,12.18
2025-10-01 17:30:00,18.32
2025-10-01 17:45:00,4.48
2025-10-01 18:00:00,10.86
2025-10-01 18:15:00,12.7
2025-10-01 18:30:00,23.26
2025-10-01 18:45:00,11.86
2025-10-01 19:00:00,7.2
2025-10-01 19:15:00,0.81
2025-10-01 19:30:00,28.03
2025-10-01 19:45:00,24.32
2025-10-01 20:00:00,2.55
2025-10-01 20:15:00,10.62
2025-10-01 20:30:00,9.21
2025-10-01 20:45:00,9.01
2025-10-01 21:00:00,2.4
2025-10-01 21:15:00,8.84
2025-10-01 21:30:00,11.97
2025-10-01 21:45:00,8.82
2025-10-01 22:00:00,10.2
2025-10-01 22:15:00,2.19
2025-10-01 22:30:00,18.34
2025-10-01 22:45:00,33.97
2025-10-01 23:00:00,7.53
2025-10-01 23:15:00,7.77
2025-10-01 23:30:00,7.1
2025-10-01 23:45:00,8.7
2025-10-02 00:00:00,3.89
2025-10-02 00:15:00,2.97
2025-10-02 00:30:00,5.44
2025-10-02 00:45:00,11.62
2025-10-02 01:00:00,5.71
2025-10-02 01:15:00,6.06
2025-10-02 01:30:00,6.46
2025-10-02 01:45:00,10.21
2025-10-02 02:00:00,9.38
2025-10-02 02:15:00,6.65
2025-10-02 02:30:00,15.6
2025-10-02 02:45:00,3.58
2025-10-02 03:00:00,11.1
2025-10-02 03:15:00,3.42
2025-10-02 03:30:00,5.74
2025-10-02 03:45:00,9.22
2025-10-02 04:00:00,24.9
2025-10-02 04:15:00,3.59
2025-10-02 04:30:00,10.58
2025-10-02 04:45:00,6.87
2025-10-02 05:00:00,2.8
2025-10-02 05:15:00,10.21
2025-10-02 05:30:00,10.72
2025-10-02 05:45:00,15.65
2025-10-02 06:00:00,17.14
2025-10-02 06:15:00,6.97
2025-10-02 06:30:00,6.92
2025-10-02 06:45:00,9.14
2025-10-02 07:00:00,3.08
2025-10-02 07:15:00,7.28
2025-10-02 07:30:00,17.56
2025-10-02 07:45:00,3.89
2025-10-02 08:00:00,12.77
2025-10-02 08:15:00,4.88
2025-10-02 08:30:00,12.8
2025-10-02 08:45:00,14.11
2025-10-02 09:00:00,23.36
2025-10-02 09:15:00,24.02
2025-10-02 09:30:00,15.89
2025-10-02 09:45:00,7.25
2025-10-02 10:00:00,9.91
2025-10-02 10:15:00,24.13
2025-10-02 10:30:00,9.15
2025-10-02 10:45:00,4.28
2025-10-02 11:00:00,9.7
2025-10-02 11:15:00,8.03
2025-10-02 11:30:00,3.02
2025-10-02 11:45:00,22.28
2025-10-02 12:00:00,1.56
2025-10-02 12:15:00,9.8
2025-10-02 12:30:00,1.97
2025-10-02 12:45:00,19.02
2025-10-02 13:00:00,6.91
2025-10-02 13:15:00,12.24
2025-10-02 13:30:00,7.52
2025-10-02 13:45:00,5.85
2025-10-02 14:00:00,15.22
2025-10-02 14:15:00,3.74
2025-10-02 14:30:00,10.06
2025-10-02 14:45:00,7.36
2025-10-02 15:00:00,23.42
2025-10-02 15:15:00,4.5
2025-10-02 15:30:00,9.12
2025-10-02 15:45:00,25.85
2025-10-02 16:00:00,16.05
2025-10-02 16:15:00,9.72
2025-10-02 16:30:00,7.39
2025-10-02 16:45:00,3.01
2025-10-02 17:00:00,21.3
2025-10-02 17:15:00,10.42
2025-10-02 17:30:00,12.81
2025-10-02 17:45:00,16.75
2025-10-02 18:00:00,12.58
2025-10-02 18:15:00,16.05
2025-10-02 18:30:00,18.41
2025-10-02 18:45:00,4.59
2025-10-02 19:00:00,11.11
2025-10-02 19:15:00,16.95
2025-10-02 19:30:00,7.44
2025-10-02 19:45:00,9.47
2025-10-02 20:00:00,2.15
2025-10-02 20:15:00,8.54
2025-10-02 20:30:00,21.81
2025-10-02 20:45:00,2.95
2025-10-02 21:00:00,9.46
2025-10-02 21:15:00,6.19
2025-10-02 21:30:00,7.76
2025-10-02 21:45:00,6.91
2025-10-02 22:00:00,6.04
2025-10-02 22:15:00,16.5
2025-10-02 22:30:00,2.54
2025-10-02 22:45:00,2.08
2025-10-02 23:00:00,8.42
2025-10-02 23:15:00,2.28
2025-10-02 23:30:00,6.26
2025-10-02 23:45:00,5.0
2025-10-03 00:00:00,5.06
2025-10-03 00:15:00,13.96
2025-10-03 00:30:00,14.77
2025-10-03 00:45:00,7.02
2025-10-03 01:00:00,10.42
2025-10-03 01:15:00,4.29
2025-10-03 01:30:00,3.8
2025-10-03 01:45:00,4.57
2025-10-03 02:00:00,6.38
2025-10-03 02:15:00,7.41
2025-10-03 02:30:00,5.38
2025-10-03 02:45:00,3.09
2025-10-03 03:00:00,4.38
2025-10-03 03:15:00,4.99
2025-10-03 03:30:00,6.59
2025-10-03 03:45:00,6.01
2025-10-03 04:00:00,7.03
2025-10-03 04:15:00,4.21
2025-10-03 04:30:00,5.18
2025-10-03 04:45:00,6.73
2025-10-03 05:00:00,21.53
2025-10-03 05:15:00,4.94
2025-10-03 05:30:00,26.91
2025-10-03 05:45:00,10.77
2025-10-03 06:00:00,7.8
2025-10-03 06:15:00,7.51
2025-10-03 06:30:00,3.75
2025-10-03 06:45:00,9.2
2025-10-03 07:00:00,10.86
2025-10-03 07:15:00,7.57
2025-10-03 07:30:00,12.25
2025-10-03 07:45:00,2.3
2025-10-03 08:00:00,19.04
2025-10-03 08:15:00,13.74
2025-10-03 08:30:00,8.05
2025-10-03 08:45:00,8.92
2025-10-03 09:00:00,14.09
2025-10-03 09:15:00,17.04
2025-10-03 09:30:00,13.54
2025-10-03 09:45:00,3.33
2025-10-03 10:00:00,2.31
2025-10-03 10:15:00,6.8
2025-10-03 10:30:00,13.18
2025-10-03 10:45:00,3.33
2025-10-03 11:00:00,11.3
2025-10-03 11:15:00,7.24
2025-10-03 11:30:00,3.39
2025-10-03 11:45:00,2.0
2025-10-03 12:00:00,10.78
2025-10-03 12:15:00,13.21
2025-10-03 12:30:00,6.69
2025-10-03 12:45:00,8.48
2025-10-03 13:00:00,7.93
2025-10-03 13:15:00,7.33
2025-10-03 13:30:00,9.93
2025-10-03 13:45:00,11.88
2025-10-03 14:00:00,6.97
2025-10-03 14:15:00,9.29
2025-10-03 14:30:00,10.21
2025-10-03 14:45:00,7.35
2025-10-03 15:00:00,6.14
2025-10-03 15:15:00,9.82
2025-10-03 15:30:00,10.16
2025-10-03 15:45:00,7.19
2025-10-03 16:00:00,2.31
2025-10-03 16:15:00,14.72
2025-10-03 16:30:00,6.82
2025-10-03 16:45:00,9.23
2025-10-03 17:00:00,11.94
2025-10-03 17:15:00,15.74
2025-10-03 17:30:00,40.15
2025-10-03 17:45:00,13.95
2025-10-03 18:00:00,14.66
2025-10-03 18:15:00,31.82
2025-10-03 18:30:00,8.23
2025-10-03 18:45:00,22.87
2025-10-03 19:00:00,9.2
2025-10-03 19:15:00,10.19
2025-10-03 19:30:00,14.58
2025-10-03 19:45:00,8.9
2025-10-03 20:00:00,2.46
2025-10-03 20:15:00,7.19
2025-10-03 20:30:00,1.54
2025-10-03 20:45:00,8.58
2025-10-03 21:00:00,2.63
2025-10-03 21:15:00,1.75
2025-10-03 21:30:00,5.57
2025-10-03 21:45:00,3.72
2025-10-03 22:00:00,9.14
2025-10-03 22:15:00,10.61
2025-10-03 22:30:00,11.59
2025-10-03 22:45:00,6.77
2025-10-03 23:00:00,23.71
2025-10-03 23:15:00,8.55
2025-10-03 23:30:00,10.49
2025-10-03 23:45:00,2.3
2025-10-04 00:00:00,2.01
2025-10-04 00:15:00,2.16
2025-10-04 00:30:00,4.42
2025-10-04 00:45:00,3.25
2025-10-04 01:00:00,13.03
2025-10-04 01:15:00,0.41
2025-10-04 01:30:00,4.52
2025-10-04 01:45:00,6.13
2025-10-04 02:00:00,0.0
2025-10-04 02:15:00,3.32
2025-10-04 02:30:00,14.48
2025-10-04 02:45:00,6.9
2025-10-04 03:00:00,2.73
2025-10-04 03:15:00,0.0
2025-10-04 03:30:00,3.58
2025-10-04 03:45:00,16.64
2025-10-04 04:00:00,3.71
2025-10-04 04:15:00,1.31
2025-10-04 04:30:00,29.1
2025-10-04 04:45:00,2.52
2025-10-04 05:00:00,5.11
2025-10-04 05:15:00,7.55
2025-10-04 05:30:00,0.93
2025-10-04 05:45:00,0.0
2025-10-04 06:00:00,0.78
2025-10-04 06:15:00,6.29
2025-10-04 06:30:00,7.88
2025-10-04 06:45:00,0.44
2025-10-04 07:00:00,3.04
2025-10-04 07:15:00,4.49
2025-10-04 07:30:00,25.38
2025-10-04 07:45:00,0.0
2025-10-04 08:00:00,9.26
2025-10-04 08:15:00,5.25
2025-10-04 08:30:00,2.44
2025-10-04 08:45:00,9.6
2025-10-04 09:00:00,8.35
2025-10-04 09:15:00,6.66
2025-10-04 09:30:00,11.22
2025-10-04 09:45:00,13.56
2025-10-04 10:00:00,0.0
2025-10-04 10:15:00,7.5
2025-10-04 10:30:00,5.4
2025-10-04 10:45:00,22.41
2025-10-04 11:00:00,4.05
2025-10-04 11:15:00,11.78
2025-10-04 11:30:00,4.97
2025-10-04 11:45:00,13.97
2025-10-04 12:00:00,30.12
2025-10-04 12:15:00,6.0
2025-10-04 12:30:00,1.2
2025-10-04 12:45:00,4.57
2025-10-04 13:00:00,10.69
2025-10-04 13:15:00,2.63
2025-10-04 13:30:00,8.06
2025-10-04 13:45:00,9.54
2025-10-04 14:00:00,10.14
2025-10-04 14:15:00,0.16
2025-10-04 14:30:00,0.0
2025-10-04 14:45:00,6.11
2025-10-04 15:00:00,0.0
2025-10-04 15:15:00,8.92
2025-10-04 15:30:00,4.74
2025-10-04 15:45:00,31.26
2025-10-04 16:00:00,4.42
2025-10-04 16:15:00,4.01
2025-10-04 16:30:00,9.5
2025-10-04 16:45:00,10.84
2025-10-04 17:00:00,10.45
2025-10-04 17:15:00,12.39
2025-10-04 17:30:00,1.13
2025-10-04 17:45:00,23.02
2025-10-04 18:00:00,22.33
2025-10-04 18:15:00,17.76
2025-10-04 18:30:00,14.79
2025-10-04 18:45:00,14.44
2025-10-04 19:00:00,16.71
2025-10-04 19:15:00,8.01
2025-10-04 19:30:00,13.37
2025-10-04 19:45:00,4.41
2025-10-04 20:00:00,28.69
2025-10-04 20:15:00,8.07
2025-10-04 20:30:00,10.53
2025-10-04 20:45:00,2.22
2025-10-04 21:00:00,12.05
2025-10-04 21:15:00,4.78
2025-10-04 21:30:00,5.97
2025-10-04 21:45:00,0.38
2025-10-04 22:00:00,6.12
2025-10-04 22:15:00,14.74
2025-10-04 22:30:00,14.62
2025-10-04 22:45:00,6.08
2025-10-04 23:00:00,10.06
2025-10-04 23:15:00,0.37
2025-10-04 23:30:00,4.54
2025-10-04 23:45:00,1.87
2025-10-05 00:00:00,7.4
2025-10-05 00:15:00,4.23
2025-10-05 00:30:00,7.5
2025-10-05 00:45:00,3.42
2025-10-05 01:00:00,6.09
2025-10-05 01:15:00,1.27
2025-10-05 01:30:00,8.21
2025-10-05 01:45:00,0.0
2025-10-05 02:00:00,2.11
2025-10-05 02:15:00,0.03
2025-10-05 02:30:00,2.83
2025-10-05 02:45:00,2.14
2025-10-05 03:00:00,1.63
2025-10-05 03:15:00,7.89
2025-10-05 03:30:00,9.42
2025-10-05 03:45:00,4.42
2025-10-05 04:00:00,3.79
2025-10-05 04:15:00,11.19
2025-10-05 04:30:00,15.67
2025-10-05 04:45:00,4.02
2025-10-05 05:00:00,5.52
2025-10-05 05:15:00,7.94
2025-10-05 05:30:00,4.63
2025-10-05 05:45:00,0.24
2025-10-05 06:00:00,11.07
2025-10-05 06:15:00,7.03
2025-10-05 06:30:00,5.45
2025-10-05 06:45:00,5.55
2025-10-05 07:00:00,10.99
2025-10-05 07:15:00,7.22
2025-10-05 07:30:00,1.98
2025-10-05 07:45:00,0.1
2025-10-05 08:00:00,7.77
2025-10-05 08:15:00,11.68
2025-10-05 08:30:00,0.22
2025-10-05 08:45:00,8.41
2025-10-05 09:00:00,11.03
2025-10-05 09:15:00,9.63
2025-10-05 09:30:00,4.45
2025-10-05 09:45:00,32.82
2025-10-05 10:00:00,6.66
2025-10-05 10:15:00,5.42
2025-10-05 10:30:00,8.66
2025-10-05 10:45:00,8.41
2025-10-05 11:00:00,5.98
2025-10-05 11:15:00,4.53
2025-10-05 11:30:00,4.73
2025-10-05 11:45:00,4.19
2025-10-05 12:00:00,8.27
2025-10-05 12:15:00,1.84
2025-10-05 12:30:00,28.56
2025-10-05 12:45:00,0.55
2025-10-05 13:00:00,6.22
2025-10-05 13:15:00,7.76
2025-10-05 13:30:00,4.31
2025-10-05 13:45:00,5.26
2025-10-05 14:00:00,8.17
2025-10-05 14:15:00,11.62
2025-10-05 14:30:00,7.6
2025-10-05 14:45:00,4.31
2025-10-05 15:00:00,0.0
2025-10-05 15:15:00,12.98
2025-10-05 15:30:00,5.07
2025-10-05 15:45:00,3.61
2025-10-05 16:00:00,6.71
2025-10-05 16:15:00,2.82
2025-10-05 16:30:00,4.75
2025-10-05 16:45:00,4.48
2025-10-05 17:00:00,1.39
2025-10-05 17:15:00,12.24
2025-10-05 17:30:00,9.47
2025-10-05 17:45:00,11.88
2025-10-05 18:00:00,16.63
2025-10-05 18:15:00,17.92
2025-10-05 18:30:00,0.44
2025-10-05 18:45:00,18.52
2025-10-05 19:00:00,9.83
2025-10-05 19:15:00,17.05
2025-10-05 19:30:00,5.85
2025-10-05 19:45:00,26.51
2025-10-05 20:00:00,0.0
2025-10-05 20:15:00,0.84
2025-10-05 20:30:00,2.14
2025-10-05 20:45:00,15.39
2025-10-05 21:00:00,3.84
2025-10-05 21:15:00,3.8
2025-10-05 21:30:00,11.37
2025-10-05 21:45:00,4.69
2025-10-05 22:00:00,7.73
2025-10-05 22:15:00,0.0
2025-10-05 22:30:00,9.35
2025-10-05 22:45:00,5.85
2025-10-05 23:00:00,7.72
2025-10-05 23:15:00,1.87
2025-10-05 23:30:00,2.71
2025-10-05 23:45:00,2.13
2025-10-06 00:00:00,5.75
2025-10-06 00:15:00,10.93
2025-10-06 00:30:00,7.87
2025-10-06 00:45:00,8.91
2025-10-06 01:00:00,7.06
2025-10-06 01:15:00,8.2
2025-10-06 01:30:00,21.32
2025-10-06 01:45:00,1.8
2025-10-06 02:00:00,17.09
2025-10-06 02:15:00,9.65
2025-10-06 02:30:00,2.7
2025-10-06 02:45:00,7.0
2025-10-06 03:00:00,7.37
2025-10-06 03:15:00,3.87
2025-10-06 03:30:00,2.55
2025-10-06 03:45:00,4.62
2025-10-06 04:00:00,11.76
2025-10-06 04:15:00,19.53
2025-10-06 04:30:00,3.99
2025-10-06 04:45:00,3.58
2025-10-06 05:00:00,7.81
2025-10-06 05:15:00,12.17
2025-10-06 05:30:00,20.6
2025-10-06 05:45:00,9.28
2025-10-06 06:00:00,1.61
2025-10-06 06:15:00,9.35
2025-10-06 06:30:00,22.11
2025-10-06 06:45:00,4.37
2025-10-06 07:00:00,2.66
2025-10-06 07:15:00,2.8
2025-10-06 07:30:00,6.33
2025-10-06 07:45:00,23.8
2025-10-06 08:00:00,6.39
2025-10-06 08:15:00,16.23
2025-10-06 08:30:00,15.77
2025-10-06 08:45:00,10.24
2025-10-06 09:00:00,20.26
2025-10-06 09:15:00,3.58
2025-10-06 09:30:00,5.22
2025-10-06 09:45:00,4.39
2025-10-06 10:00:00,19.91
2025-10-06 10:15:00,1.66
2025-10-06 10:30:00,3.72
2025-10-06 10:45:00,3.38
2025-10-06 11:00:00,1.71
2025-10-06 11:15:00,11.26
2025-10-06 11:30:00,9.67
2025-10-06 11:45:00,13.55
2025-10-06 12:00:00,10.23
2025-10-06 12:15:00,3.09
2025-10-06 12:30:00,3.18
2025-10-06 12:45:00,7.38
2025-10-06 13:00:00,9.55
2025-10-06 13:15:00,8.86
2025-10-06 13:30:00,8.81
2025-10-06 13:45:00,8.14
2025-10-06 14:00:00,7.64
2025-10-06 14:15:00,8.87
2025-10-06 14:30:00,9.89
2025-10-06 14:45:00,7.76
2025-10-06 15:00:00,12.29
2025-10-06 15:15:00,9.32
2025-10-06 15:30:00,21.55
2025-10-06 15:45:00,14.52
2025-10-06 16:00:00,5.89
2025-10-06 16:15:00,8.68
2025-10-06 16:30:00,7.81
2025-10-06 16:45:00,10.27
2025-10-06 17:00:00,20.2
2025-10-06 17:15:00,5.2
2025-10-06 17:30:00,24.24
2025-10-06 17:45:00,10.95
2025-10-06 18:00:00,12.02
2025-10-06 18:15:00,19.33
2025-10-06 18:30:00,23.46
2025-10-06 18:45:00,18.99
2025-10-06 19:00:00,1.74
2025-10-06 19:15:00,22.93
2025-10-06 19:30:00,5.05
2025-10-06 19:45:00,14.56
2025-10-06 20:00:00,6.06
2025-10-06 20:15:00,6.65
2025-10-06 20:30:00,9.12
2025-10-06 20:45:00,6.09
2025-10-06 21:00:00,9.19
2025-10-06 21:15:00,8.01
2025-10-06 21:30:00,4.06
2025-10-06 21:45:00,1.29
2025-10-06 22:00:00,10.24
2025-10-06 22:15:00,7.02
2025-10-06 22:30:00,9.66
2025-10-06 22:45:00,11.15
2025-10-06 23:00:00,2.88
2025-10-06 23:15:00,3.36
2025-10-06 23:30:00,5.82
2025-10-06 23:45:00,9.93
2025-10-07 00:00:00,22.01
2025-10-07 00:15:00,18.52
2025-10-07 00:30:00,19.36
2025-10-07 00:45:00,12.22
2025-10-07 01:00:00,30.11
2025-10-07 01:15:00,3.78
2025-10-07 01:30:00,2.73
2025-10-07 01:45:00,6.77
2025-10-07 02:00:00,6.43
2025-10-07 02:15:00,2.78
2025-10-07 02:30:00,3.88
2025-10-07 02:45:00,6.82
2025-10-07 03:00:00,15.79
2025-10-07 03:15:00,5.87
2025-10-07 03:30:00,6.78
2025-10-07 03:45:00,9.03
2025-10-07 04:00:00,7.13
2025-10-07 04:15:00,2.33
2025-10-07 04:30:00,9.99
2025-10-07 04:45:00,5.44
2025-10-07 05:00:00,5.53
2025-10-07 05:15:00,6.13
2025-10-07 05:30:00,11.4
2025-10-07 05:45:00,12.51
2025-10-07 06:00:00,7.93
2025-10-07 06:15:00,4.14
2025-10-07 06:30:00,4.14
2025-10-07 06:45:00,9.86
2025-10-07 07:00:00,4.72
2025-10-07 07:15:00,9.09
2025-10-07 07:30:00,21.43
2025-10-07 07:45:00,12.06
2025-10-07 08:00:00,11.9
2025-10-07 08:15:00,14.4
2025-10-07 08:30:00,10.35
2025-10-07 08:45:00,9.79
2025-10-07 09:00:00,11.94
2025-10-07 09:15:00,9.86
2025-10-07 09:30:00,21.02
2025-10-07 09:45:00,23.7
2025-10-07 10:00:00,8.34
2025-10-07 10:15:00,13.85
2025-10-07 10:30:00,1.09
2025-10-07 10:45:00,13.01
2025-10-07 11:00:00,2.68
2025-10-07 11:15:00,10.01
2025-10-07 11:30:00,8.8
2025-10-07 11:45:00,5.14
2025-10-07 12:00:00,12.36
2025-10-07 12:15:00,10.71
2025-10-07 12:30:00,10.15
2025-10-07 12:45:00,1.79
2025-10-07 13:00:00,9.11
2025-10-07 13:15:00,11.77
2025-10-07 13:30:00,7.36
2025-10-07 13:45:00,10.37
2025-10-07 14:00:00,7.76
2025-10-07 14:15:00,8.92
2025-10-07 14:30:00,19.19
2025-10-07 14:45:00,13.68
2025-10-07 15:00:00,30.41
2025-10-07 15:15:00,5.89
2025-10-07 15:30:00,23.37
2025-10-07 15:45:00,19.75
2025-10-07 16:00:00,5.5
2025-10-07 16:15:00,11.04
2025-10-07 16:30:00,12.38
2025-10-07 16:45:00,10.6
2025-10-07 17:00:00,12.83
2025-10-07 17:15:00,4.07
2025-10-07 17:30:00,17.04
2025-10-07 17:45:00,22.98
2025-10-07 18:00:00,15.17
2025-10-07 18:15:00,16.4
2025-10-07 18:30:00,11.04
2025-10-07 18:45:00,3.6
2025-10-07 19:00:00,9.5
2025-10-07 19:15:00,14.11
2025-10-07 19:30:00,10.64
2025-10-07 19:45:00,9.17
2025-10-07 20:00:00,2.56
2025-10-07 20:15:00,15.69
2025-10-07 20:30:00,11.9
2025-10-07 20:45:00,5.68
2025-10-07 21:00:00,7.67
2025-10-07 21:15:00,7.57
2025-10-07 21:30:00,10.53
2025-10-07 21:45:00,1.12
2025-10-07 22:00:00,13.6
2025-10-07 22:15:00,7.36
2025-10-07 22:30:00,9.51
2025-10-07 22:45:00,4.07
2025-10-07 23:00:00,5.57
2025-10-07 23:15:00,4.89
2025-10-07 23:30:00,4.09
2025-10-07 23:45:00,2.63
2025-10-08 00:00:00,7.33
2025-10-08 00:15:00,23.17
2025-10-08 00:30:00,16.56
2025-10-08 00:45:00,4.94
2025-10-08 01:00:00,5.52
2025-10-08 01:15:00,10.0
2025-10-08 01:30:00,5.65
2025-10-08 01:45:00,9.19
2025-10-08 02:00:00,3.95
2025-10-08 02:15:00,9.5
2025-10-08 02:30:00,3.07
2025-10-08 02:45:00,2.11
2025-10-08 03:00:00,8.13
2025-10-08 03:15:00,5.01
2025-10-08 03:30:00,4.45
2025-10-08 03:45:00,3.69
2025-10-08 04:00:00,4.43
2025-10-08 04:15:00,7.4
2025-10-08 04:30:00,4.83
2025-10-08 04:45:00,3.74
2025-10-08 05:00:00,3.13
2025-10-08 05:15:00,21.78
2025-10-08 05:30:00,7.49
2025-10-08 05:45:00,11.24
2025-10-08 06:00:00,5.38
2025-10-08 06:15:00,6.53
2025-10-08 06:30:00,2.44
2025-10-08 06:45:00,10.31
2025-10-08 07:00:00,3.26
2025-10-08 07:15:00,5.66
2025-10-08 07:30:00,7.24
2025-10-08 07:45:00,16.71
2025-10-08 08:00:00,13.57
2025-10-08 08:15:00,12.27
2025-10-08 08:30:00,11.94
2025-10-08 08:45:00,11.14
2025-10-08 09:00:00,15.75
2025-10-08 09:15:00,9.92
2025-10-08 09:30:00,11.42
2025-10-08 09:45:00,14.56
2025-10-08 10:00:00,12.79
2025-10-08 10:15:00,9.47
2025-10-08 10:30:00,3.26
2025-10-08 10:45:00,8.09
2025-10-08 11:00:00,1.86
2025-10-08 11:15:00,14.34
2025-10-08 11:30:00,9.31
2025-10-08 11:45:00,15.5
2025-10-08 12:00:00,9.93
2025-10-08 12:15:00,7.77
2025-10-08 12:30:00,8.27
2025-10-08 12:45:00,8.66
2025-10-08 13:00:00,8.33
2025-10-08 13:15:00,9.31
2025-10-08 13:30:00,8.56
2025-10-08 13:45:00,7.39
2025-10-08 14:00:00,8.45
2025-10-08 14:15:00,5.73
2025-10-08 14:30:00,5.07
2025-10-08 14:45:00,8.54
2025-10-08 15:00:00,7.64
2025-10-08 15:15:00,9.75
2025-10-08 15:30:00,15.6
2025-10-08 15:45:00,10.2
2025-10-08 16:00:00,10.11
2025-10-08 16:15:00,9.77
2025-10-08 16:30:00,11.54
2025-10-08 16:45:00,6.81
2025-10-08 17:00:00,20.52
2025-10-08 17:15:00,11.39
2025-10-08 17:30:00,19.93
2025-10-08 17:45:00,2.61
2025-10-08 18:00:00,17.65
2025-10-08 18:15:00,9.37
2025-10-08 18:30:00,9.88
2025-10-08 18:45:00,9.05
2025-10-08 19:00:00,2.54
2025-10-08 19:15:00,15.34
2025-10-08 19:30:00,5.96
2025-10-08 19:45:00,17.51
2025-10-08 20:00:00,17.96
2025-10-08 20:15:00,8.64
2025-10-08 20:30:00,9.38
2025-10-08 20:45:00,1.96
2025-10-08 21:00:00,9.46
2025-10-08 21:15:00,6.9
2025-10-08 21:30:00,1.12
2025-10-08 21:45:00,6.25
2025-10-08 22:00:00,4.9
2025-10-08 22:15:00,9.64
2025-10-08 22:30:00,10.38
2025-10-08 22:45:00,4.96
2025-10-08 23:00:00,11.44
2025-10-08 23:15:00,3.41
2025-10-08 23:30:00,2.9
2025-10-08 23:45:00,2.15
2025-10-09 00:00:00,5.75
2025-10-09 00:15:00,5.5
2025-10-09 00:30:00,9.78
2025-10-09 00:45:00,4.09
2025-10-09 01:00:00,1.81
2025-10-09 01:15:00,6.53
2025-10-09 01:30:00,5.73
2025-10-09 01:45:00,9.45
2025-10-09 02:00:00,5.18
2025-10-09 02:15:00,9.5
2025-10-09 02:30:00,10.32
2025-10-09 02:45:00,4.86
2025-10-09 03:00:00,5.29
2025-10-09 03:15:00,25.64
2025-10-09 03:30:00,14.66
2025-10-09 03:45:00,10.21
2025-10-09 04:00:00,7.47
2025-10-09 04:15:00,2.21
2025-10-09 04:30:00,5.02
2025-10-09 04:45:00,2.51
2025-10-09 05:00:00,9.96
2025-10-09 05:15:00,15.7
2025-10-09 05:30:00,11.18
2025-10-09 05:45:00,1.88
2025-10-09 06:00:00,15.82
2025-10-09 06:15:00,8.37
2025-10-09 06:30:00,7.41
2025-10-09 06:45:00,11.49
2025-10-09 07:00:00,3.71
2025-10-09 07:15:00,2.55
2025-10-09 07:30:00,8.13
2025-10-09 07:45:00,7.54
2025-10-09 08:00:00,2.69
2025-10-09 08:15:00,11.62
2025-10-09 08:30:00,18.39
2025-10-09 08:45:00,10.43
2025-10-09 09:00:00,10.61
2025-10-09 09:15:00,11.98
2025-10-09 09:30:00,13.5
2025-10-09 09:45:00,3.7
2025-10-09 10:00:00,10.71
2025-10-09 10:15:00,7.19
2025-10-09 10:30:00,35.78
2025-10-09 10:45:00,9.65
2025-10-09 11:00:00,9.0
2025-10-09 11:15:00,6.77
2025-10-09 11:30:00,7.22
2025-10-09 11:45:00,13.09
2025-10-09 12:00:00,7.93
2025-10-09 12:15:00,7.14
2025-10-09 12:30:00,7.74
2025-10-09 12:45:00,3.14
2025-10-09 13:00:00,24.14
2025-10-09 13:15:00,7.64
2025-10-09 13:30:00,12.44
2025-10-09 13:45:00,11.87
2025-10-09 14:00:00,9.29
2025-10-09 14:15:00,10.79
2025-10-09 14:30:00,10.43
2025-10-09 14:45:00,8.66
2025-10-09 15:00:00,9.14
2025-10-09 15:15:00,8.74
2025-10-09 15:30:00,7.11
2025-10-09 15:45:00,8.51
2025-10-09 16:00:00,6.48
2025-10-09 16:15:00,2.46
2025-10-09 16:30:00,9.26
2025-10-09 16:45:00,18.34
2025-10-09 17:00:00,5.66
2025-10-09 17:15:00,8.27
2025-10-09 17:30:00,37.71
2025-10-09 17:45:00,14.05
2025-10-09 18:00:00,16.95
2025-10-09 18:15:00,22.59
2025-10-09 18:30:00,3.41
2025-10-09 18:45:00,14.04
2025-10-09 19:00:00,27.72
2025-10-09 19:15:00,15.19
2025-10-09 19:30:00,9.66
2025-10-09 19:45:00,8.6
2025-10-09 20:00:00,7.98
2025-10-09 20:15:00,8.58
2025-10-09 20:30:00,11.17
2025-10-09 20:45:00,10.28
2025-10-09 21:00:00,3.29
2025-10-09 21:15:00,9.64
2025-10-09 21:30:00,15.38
2025-10-09 21:45:00,8.9
2025-10-09 22:00:00,8.82
2025-10-09 22:15:00,9.3
2025-10-09 22:30:00,9.59
2025-10-09 22:45:00,6.54
2025-10-09 23:00:00,10.43
2025-10-09 23:15:00,9.13
2025-10-09 23:30:00,5.82
2025-10-09 23:45:00,3.85
2025-10-10 00:00:00,8.46
2025-10-10 00:15:00,6.27
2025-10-10 00:30:00,13.25
2025-10-10 00:45:00,5.44
2025-10-10 01:00:00,5.88
2025-10-10 01:15:00,1.58
2025-10-10 01:30:00,11.57
2025-10-10 01:45:00,19.87
2025-10-10 02:00:00,4.33
2025-10-10 02:15:00,4.56
2025-10-10 02:30:00,4.28
2025-10-10 02:45:00,6.64
2025-10-10 03:00:00,6.13
2025-10-10 03:15:00,9.1
2025-10-10 03:30:00,21.15
2025-10-10 03:45:00,9.23
2025-10-10 04:00:00,9.41
2025-10-10 04:15:00,2.81
2025-10-10 04:30:00,4.37
2025-10-10 04:45:00,3.29
2025-10-10 05:00:00,8.59
2025-10-10 05:15:00,8.75
2025-10-10 05:30:00,2.61
2025-10-10 05:45:00,16.19
2025-10-10 06:00:00,5.09
2025-10-10 06:15:00,10.39
2025-10-10 06:30:00,7.11
2025-10-10 06:45:00,1.92
2025-10-10 07:00:00,14.98
2025-10-10 07:15:00,23.19
2025-10-10 07:30:00,18.48
2025-10-10 07:45:00,14.39
2025-10-10 08:00:00,15.94
2025-10-10 08:15:00,12.62
2025-10-10 08:30:00,5.26
2025-10-10 08:45:00,13.07
2025-10-10 09:00:00,11.09
2025-10-10 09:15:00,17.14
2025-10-10 09:30:00,19.13
2025-10-10 09:45:00,9.99
2025-10-10 10:00:00,3.56
2025-10-10 10:15:00,21.48
2025-10-10 10:30:00,4.02
2025-10-10 10:45:00,2.53
2025-10-10 11:00:00,15.9
2025-10-10 11:15:00,5.41
2025-10-10 11:30:00,10.78
2025-10-10 11:45:00,10.27
2025-10-10 12:00:00,2.21
2025-10-10 12:15:00,5.39
2025-10-10 12:30:00,14.78
2025-10-10 12:45:00,13.09
2025-10-10 13:00:00,13.24
2025-10-10 13:15:00,13.74
2025-10-10 13:30:00,3.27
2025-10-10 13:45:00,3.02
2025-10-10 14:00:00,7.71
2025-10-10 14:15:00,3.2
2025-10-10 14:30:00,13.49
2025-10-10 14:45:00,12.92
2025-10-10 15:00:00,10.42
2025-10-10 15:15:00,10.45
2025-10-10 15:30:00,7.1
2025-10-10 15:45:00,8.1
2025-10-10 16:00:00,4.4
2025-10-10 16:15:00,11.6
2025-10-10 16:30:00,17.11
2025-10-10 16:45:00,17.84
2025-10-10 17:00:00,18.36
2025-10-10 17:15:00,21.53
2025-10-10 17:30:00,5.84
2025-10-10 17:45:00,21.81
2025-10-10 18:00:00,9.78
2025-10-10 18:15:00,17.92
2025-10-10 18:30:00,12.67
2025-10-10 18:45:00,10.44
2025-10-10 19:00:00,20.56
2025-10-10 19:15:00,27.05
2025-10-10 19:30:00,23.21
2025-10-10 19:45:00,3.95
2025-10-10 20:00:00,2.01
2025-10-10 20:15:00,1.42
2025-10-10 20:30:00,10.75
2025-10-10 20:45:00,18.32
2025-10-10 21:00:00,6.54
2025-10-10 21:15:00,12.36
2025-10-10 21:30:00,8.19
2025-10-10 21:45:00,5.74
2025-10-10 22:00:00,2.46
2025-10-10 22:15:00,6.08
2025-10-10 22:30:00,17.4
2025-10-10 22:45:00,5.03
2025-10-10 23:00:00,7.91
2025-10-10 23:15:00,10.39
2025-10-10 23:30:00,10.87
2025-10-10 23:45:00,7.51
2025-10-11 00:00:00,5.85
2025-10-11 00:15:00,16.93
2025-10-11 00:30:00,0.0
2025-10-11 00:45:00,0.79
2025-10-11 01:00:00,13.62
2025-10-11 01:15:00,0.0
2025-10-11 01:30:00,0.0
2025-10-11 01:45:00,0.84
2025-10-11 02:00:00,3.03
2025-10-11 02:15:00,0.14
2025-10-11 02:30:00,10.67
2025-10-11 02:45:00,0.0
2025-10-11 03:00:00,0.75
2025-10-11 03:15:00,12.95
2025-10-11 03:30:00,16.07
2025-10-11 03:45:00,0.64
2025-10-11 04:00:00,7.84
2025-10-11 04:15:00,12.73
2025-10-11 04:30:00,1.66
2025-10-11 04:45:00,2.36
2025-10-11 05:00:00,5.91
2025-10-11 05:15:00,6.53
2025-10-11 05:30:00,7.7
2025-10-11 05:45:00,0.54
2025-10-11 06:00:00,7.08
2025-10-11 06:15:00,0.0
2025-10-11 06:30:00,7.53
2025-10-11 06:45:00,6.61
2025-10-11 07:00:00,5.02
2025-10-11 07:15:00,8.57
2025-10-11 07:30:00,4.59
2025-10-11 07:45:00,5.52
2025-10-11 08:00:00,9.59
2025-10-11 08:15:00,8.75
2025-10-11 08:30:00,26.32
2025-10-11 08:45:00,11.01
2025-10-11 09:00:00,10.93
2025-10-11 09:15:00,14.7
2025-10-11 09:30:00,13.42
2025-10-11 09:45:00,10.0
2025-10-11 10:00:00,6.18
2025-10-11 10:15:00,6.74
2025-10-11 10:30:00,5.84
2025-10-11 10:45:00,1.12
2025-10-11 11:00:00,11.99
2025-10-11 11:15:00,14.79
2025-10-11 11:30:00,7.46
2025-10-11 11:45:00,11.5
2025-10-11 12:00:00,5.55
2025-10-11 12:15:00,8.61
2025-10-11 12:30:00,7.8
2025-10-11 12:45:00,0.37
2025-10-11 13:00:00,0.0
2025-10-11 13:15:00,2.8
2025-10-11 13:30:00,7.48
2025-10-11 13:45:00,5.85
2025-10-11 14:00:00,8.82
2025-10-11 14:15:00,5.93
2025-10-11 14:30:00,5.66
2025-10-11 14:45:00,4.78
2025-10-11 15:00:00,6.01
2025-10-11 15:15:00,0.0
2025-10-11 15:30:00,5.85
2025-10-11 15:45:00,13.43
2025-10-11 16:00:00,6.46
2025-10-11 16:15:00,6.19
2025-10-11 16:30:00,2.7
2025-10-11 16:45:00,0.0
2025-10-11 17:00:00,4.83
2025-10-11 17:15:00,10.36
2025-10-11 17:30:00,15.3
2025-10-11 17:45:00,12.46
2025-10-11 18:00:00,9.51
2025-10-11 18:15:00,0.0
2025-10-11 18:30:00,14.43
2025-10-11 18:45:00,3.37
2025-10-11 19:00:00,8.11
2025-10-11 19:15:00,9.5
2025-10-11 19:30:00,4.5
2025-10-11 19:45:00,7.52
2025-10-11 20:00:00,7.87
2025-10-11 20:15:00,15.12
2025-10-11 20:30:00,0.54
2025-10-11 20:45:00,2.33
2025-10-11 21:00:00,0.0
2025-10-11 21:15:00,2.17
2025-10-11 21:30:00,2.48
2025-10-11 21:45:00,3.93
2025-10-11 22:00:00,0.0
2025-10-11 22:15:00,6.38
2025-10-11 22:30:00,0.0
2025-10-11 22:45:00,3.47
2025-10-11 23:00:00,19.52
2025-10-11 23:15:00,1.33
2025-10-11 23:30:00,15.83
2025-10-11 23:45:00,1.94
2025-10-12 00:00:00,2.44
2025-10-12 00:15:00,1.96
2025-10-12 00:30:00,1.07
2025-10-12 00:45:00,9.21
2025-10-12 01:00:00,0.11
2025-10-12 01:15:00,16.09
2025-10-12 01:30:00,0.0
2025-10-12 01:45:00,7.44
2025-10-12 02:00:00,12.87
2025-10-12 02:15:00,1.63
2025-10-12 02:30:00,12.15
2025-10-12 02:45:00,1.57
2025-10-12 03:00:00,2.67
2025-10-12 03:15:00,6.52
2025-10-12 03:30:00,2.19
2025-10-12 03:45:00,12.65
2025-10-12 04:00:00,0.25
2025-10-12 04:15:00,2.49
2025-10-12 04:30:00,3.06
2025-10-12 04:45:00,6.56
2025-10-12 05:00:00,7.48
2025-10-12 05:15:00,4.97
2025-10-12 05:30:00,6.25
2025-10-12 05:45:00,13.01
2025-10-12 06:00:00,8.03
2025-10-12 06:15:00,1.2
2025-10-12 06:30:00,8.21
2025-10-12 06:45:00,0.55
2025-10-12 07:00:00,5.43
2025-10-12 07:15:00,10.98
2025-10-12 07:30:00,37.01
2025-10-12 07:45:00,12.29
2025-10-12 08:00:00,1.01
2025-10-12 08:15:00,8.22
2025-10-12 08:30:00,1.39
2025-10-12 08:45:00,10.15
2025-10-12 09:00:00,9.8
2025-10-12 09:15:00,2.82
2025-10-12 09:30:00,21.36
2025-10-12 09:45:00,6.47
2025-10-12 10:00:00,10.12
2025-10-12 10:15:00,0.67
2025-10-12 10:30:00,0.0
2025-10-12 10:45:00,0.0
2025-10-12 11:00:00,1.27
2025-10-12 11:15:00,7.3
2025-10-12 11:30:00,10.23
2025-10-12 11:45:00,5.46
2025-10-12 12:00:00,6.97
2025-10-12 12:15:00,4.56
2025-10-12 12:30:00,2.71
2025-10-12 12:45:00,7.14
2025-10-12 13:00:00,5.47
2025-10-12 13:15:00,1.49
2025-10-12 13:30:00,2.0
2025-10-12 13:45:00,2.47
2025-10-12 14:00:00,0.0
2025-10-12 14:15:00,6.04
2025-10-12 14:30:00,11.68
2025-10-12 14:45:00,4.67
2025-10-12 15:00:00,8.01
2025-10-12 15:15:00,9.96
2025-10-12 15:30:00,11.29
2025-10-12 15:45:00,19.64
2025-10-12 16:00:00,5.34
2025-10-12 16:15:00,2.89
2025-10-12 16:30:00,1.96
2025-10-12 16:45:00,3.53
2025-10-12 17:00:00,17.92
2025-10-12 17:15:00,11.42
2025-10-12 17:30:00,12.05
2025-10-12 17:45:00,14.39
2025-10-12 18:00:00,17.51
2025-10-12 18:15:00,16.5
2025-10-12 18:30:00,17.64
2025-10-12 18:45:00,0.0
2025-10-12 19:00:00,4.24
2025-10-12 19:15:00,18.19
2025-10-12 19:30:00,16.15
2025-10-12 19:45:00,19.21
2025-10-12 20:00:00,0.0
2025-10-12 20:15:00,0.47
2025-10-12 20:30:00,0.0
2025-10-12 20:45:00,9.14
2025-10-12 21:00:00,15.16
2025-10-12 21:15:00,6.22
2025-10-12 21:30:00,4.41
2025-10-12 21:45:00,12.74
2025-10-12 22:00:00,4.52
2025-10-12 22:15:00,5.51
2025-10-12 22:30:00,4.58
2025-10-12 22:45:00,7.03
2025-10-12 23:00:00,15.14
2025-10-12 23:15:00,3.02
2025-10-12 23:30:00,1.1
2025-10-12 23:45:00,10.28
2025-10-13 00:00:00,18.36
2025-10-13 00:15:00,9.56
2025-10-13 00:30:00,2.26
2025-10-13 00:45:00,7.64
2025-10-13 01:00:00,23.64
2025-10-13 01:15:00,2.83
2025-10-13 01:30:00,3.6
2025-10-13 01:45:00,20.94
2025-10-13 02:00:00,10.14
2025-10-13 02:15:00,5.61
2025-10-13 02:30:00,6.74
2025-10-13 02:45:00,6.65
2025-10-13 03:00:00,4.29
2025-10-13 03:15:00,4.1
2025-10-13 03:30:00,6.59
2025-10-13 03:45:00,7.69
2025-10-13 04:00:00,5.84
2025-10-13 04:15:00,10.48
2025-10-13 04:30:00,6.67
2025-10-13 04:45:00,10.4
2025-10-13 05:00:00,2.43
2025-10-13 05:15:00,15.66
2025-10-13 05:30:00,8.25
2025-10-13 05:45:00,3.07
2025-10-13 06:00:00,9.28
2025-10-13 06:15:00,8.28
2025-10-13 06:30:00,3.32
2025-10-13 06:45:00,9.39
2025-10-13 07:00:00,7.36
2025-10-13 07:15:00,13.5
2025-10-13 07:30:00,4.32
2025-10-13 07:45:00,15.12
2025-10-13 08:00:00,10.34
2025-10-13 08:15:00,11.48
2025-10-13 08:30:00,16.49
2025-10-13 08:45:00,14.34
2025-10-13 09:00:00,10.39
2025-10-13 09:15:00,6.47
2025-10-13 09:30:00,12.23
2025-10-13 09:45:00,8.87
2025-10-13 10:00:00,11.32
2025-10-13 10:15:00,13.28
2025-10-13 10:30:00,11.61
2025-10-13 10:45:00,11.33
2025-10-13 11:00:00,7.9
2025-10-13 11:15:00,9.19
2025-10-13 11:30:00,7.62
2025-10-13 11:45:00,19.95
2025-10-13 12:00:00,17.57
2025-10-13 12:15:00,7.64
2025-10-13 12:30:00,7.83
2025-10-13 12:45:00,11.88
2025-10-13 13:00:00,30.76
2025-10-13 13:15:00,6.62
2025-10-13 13:30:00,18.11
2025-10-13 13:45:00,9.58
2025-10-13 14:00:00,8.19
2025-10-13 14:15:00,26.42
2025-10-13 14:30:00,8.9
2025-10-13 14:45:00,9.91
2025-10-13 15:00:00,1.46
2025-10-13 15:15:00,19.61
2025-10-13 15:30:00,5.93
2025-10-13 15:45:00,3.72
2025-10-13 16:00:00,5.83
2025-10-13 16:15:00,30.44
2025-10-13 16:30:00,3.1
2025-10-13 16:45:00,13.21
2025-10-13 17:00:00,5.01
2025-10-13 17:15:00,13.51
2025-10-13 17:30:00,18.84
2025-10-13 17:45:00,4.6
2025-10-13 18:00:00,11.42
2025-10-13 18:15:00,19.4
2025-10-13 18:30:00,23.44
2025-10-13 18:45:00,6.09
2025-10-13 19:00:00,15.2
2025-10-13 19:15:00,4.26
2025-10-13 19:30:00,11.34
2025-10-13 19:45:00,8.66
2025-10-13 20:00:00,12.86
2025-10-13 20:15:00,8.12
2025-10-13 20:30:00,23.5
2025-10-13 20:45:00,2.17
2025-10-13 21:00:00,9.93
2025-10-13 21:15:00,9.9
2025-10-13 21:30:00,7.76
2025-10-13 21:45:00,14.83
2025-10-13 22:00:00,13.33
2025-10-13 22:15:00,5.76
2025-10-13 22:30:00,7.7
2025-10-13 22:45:00,14.39
2025-10-13 23:00:00,15.78
2025-10-13 23:15:00,6.08
2025-10-13 23:30:00,12.9
2025-10-13 23:45:00,5.48
2025-10-14 00:00:00,4.06
2025-10-14 00:15:00,6.55
2025-10-14 00:30:00,10.57
2025-10-14 00:45:00,4.69
2025-10-14 01:00:00,26.28
2025-10-14 01:15:00,6.62
2025-10-14 01:30:00,20.9
2025-10-14 01:45:00,9.54
2025-10-14 02:00:00,9.46
2025-10-14 02:15:00,15.42
2025-10-14 02:30:00,4.93
2025-10-14 02:45:00,10.99
2025-10-14 03:00:00,3.81
2025-10-14 03:15:00,2.91
2025-10-14 03:30:00,4.83
2025-10-14 03:45:00,6.75
2025-10-14 04:00:00,5.84
2025-10-14 04:15:00,2.81
2025-10-14 04:30:00,6.05
2025-10-14 04:45:00,2.95
2025-10-14 05:00:00,11.06
2025-10-14 05:15:00,7.43
2025-10-14 05:30:00,9.34
2025-10-14 05:45:00,13.39
2025-10-14 06:00:00,3.09
2025-10-14 06:15:00,19.38
2025-10-14 06:30:00,6.75
2025-10-14 06:45:00,6.56
2025-10-14 07:00:00,6.3
2025-10-14 07:15:00,15.32
2025-10-14 07:30:00,2.73
2025-10-14 07:45:00,16.15
2025-10-14 08:00:00,23.55
2025-10-14 08:15:00,10.85
2025-10-14 08:30:00,12.16
2025-10-14 08:45:00,8.26
2025-10-14 09:00:00,16.14
2025-10-14 09:15:00,2.39
2025-10-14 09:30:00,10.51
2025-10-14 09:45:00,28.52
2025-10-14 10:00:00,9.04
2025-10-14 10:15:00,8.99
2025-10-14 10:30:00,6.6
2025-10-14 10:45:00,7.48
2025-10-14 11:00:00,2.37
2025-10-14 11:15:00,4.9
2025-10-14 11:30:00,15.19
2025-10-14 11:45:00,20.23
2025-10-14 12:00:00,10.52
2025-10-14 12:15:00,12.45
2025-10-14 12:30:00,10.06
2025-10-14 12:45:00,3.32
2025-10-14 13:00:00,9.71
2025-10-14 13:15:00,10.18
2025-10-14 13:30:00,9.38
2025-10-14 13:45:00,10.92
2025-10-14 14:00:00,8.5
2025-10-14 14:15:00,8.29
2025-10-14 14:30:00,14.64
2025-10-14 14:45:00,7.46
2025-10-14 15:00:00,3.01
2025-10-14 15:15:00,6.67
2025-10-14 15:30:00,7.17
2025-10-14 15:45:00,12.86
2025-10-14 16:00:00,6.33
2025-10-14 16:15:00,9.3
2025-10-14 16:30:00,18.84
2025-10-14 16:45:00,2.81
2025-10-14 17:00:00,8.86
2025-10-14 17:15:00,2.04
2025-10-14 17:30:00,23.17
2025-10-14 17:45:00,14.65
2025-10-14 18:00:00,25.96
2025-10-14 18:15:00,11.59
2025-10-14 18:30:00,33.75
2025-10-14 18:45:00,11.45
2025-10-14 19:00:00,11.02
2025-10-14 19:15:00,16.3
2025-10-14 19:30:00,15.46
2025-10-14 19:45:00,6.85
2025-10-14 20:00:00,9.09
2025-10-14 20:15:00,8.48
2025-10-14 20:30:00,9.29
2025-10-14 20:45:00,12.35
2025-10-14 21:00:00,5.58
2025-10-14 21:15:00,7.83
2025-10-14 21:30:00,7.11
2025-10-14 21:45:00,8.5
2025-10-14 22:00:00,8.96
2025-10-14 22:15:00,8.38
2025-10-14 22:30:00,2.29
2025-10-14 22:45:00,11.1
2025-10-14 23:00:00,11.4
2025-10-14 23:15:00,7.16
2025-10-14 23:30:00,8.63
2025-10-14 23:45:00,4.88
2025-10-15 00:00:00,4.72
2025-10-15 00:15:00,27.22
2025-10-15 00:30:00,9.73
2025-10-15 00:45:00,9.24
2025-10-15 01:00:00,6.46
2025-10-15 01:15:00,20.94
2025-10-15 01:30:00,12.79
2025-10-15 01:45:00,10.47
2025-10-15 02:00:00,6.16
2025-10-15 02:15:00,13.58
2025-10-15 02:30:00,1.61
2025-10-15 02:45:00,6.97
2025-10-15 03:00:00,13.05
2025-10-15 03:15:00,7.57
2025-10-15 03:30:00,7.69
2025-10-15 03:45:00,5.17
2025-10-15 04:00:00,4.53
2025-10-15 04:15:00,16.73
2025-10-15 04:30:00,20.18
2025-10-15 04:45:00,2.35
2025-10-15 05:00:00,14.96
2025-10-15 05:15:00,1.92
2025-10-15 05:30:00,8.96
2025-10-15 05:45:00,9.74
2025-10-15 06:00:00,12.05
2025-10-15 06:15:00,7.69
2025-10-15 06:30:00,9.32
2025-10-15 06:45:00,1.75
2025-10-15 07:00:00,25.61
2025-10-15 07:15:00,10.83
2025-10-15 07:30:00,9.5
2025-10-15 07:45:00,6.39
2025-10-15 08:00:00,15.87
2025-10-15 08:15:00,8.06
2025-10-15 08:30:00,11.18
2025-10-15 08:45:00,8.34
2025-10-15 09:00:00,21.47
2025-10-15 09:15:00,11.26
2025-10-15 09:30:00,18.68
2025-10-15 09:45:00,8.18
2025-10-15 10:00:00,5.45
2025-10-15 10:15:00,6.1
2025-10-15 10:30:00,7.34
2025-10-15 10:45:00,18.37
2025-10-15 11:00:00,7.23
2025-10-15 11:15:00,3.21
2025-10-15 11:30:00,7.37
2025-10-15 11:45:00,21.06
2025-10-15 12:00:00,15.02
2025-10-15 12:15:00,20.02
2025-10-15 12:30:00,10.67
2025-10-15 12:45:00,7.99
2025-10-15 13:00:00,7.09
2025-10-15 13:15:00,19.55
2025-10-15 13:30:00,8.45
2025-10-15 13:45:00,9.23
2025-10-15 14:00:00,3.48
2025-10-15 14:15:00,16.97
2025-10-15 14:30:00,7.86
2025-10-15 14:45:00,8.5
2025-10-15 15:00:00,18.51
2025-10-15 15:15:00,14.44
2025-10-15 15:30:00,8.67
2025-10-15 15:45:00,24.11
2025-10-15 16:00:00,6.61
2025-10-15 16:15:00,9.99
2025-10-15 16:30:00,2.91
2025-10-15 16:45:00,8.56
2025-10-15 17:00:00,13.85
2025-10-15 17:15:00,14.3
2025-10-15 17:30:00,31.6
2025-10-15 17:45:00,15.42
2025-10-15 18:00:00,14.36
2025-10-15 18:15:00,14.89
2025-10-15 18:30:00,10.23
2025-10-15 18:45:00,17.39
2025-10-15 19:00:00,4.66
2025-10-15 19:15:00,4.1
2025-10-15 19:30:00,2.29
2025-10-15 19:45:00,5.85
2025-10-15 20:00:00,9.1
2025-10-15 20:15:00,2.03
2025-10-15 20:30:00,9.98
2025-10-15 20:45:00,9.91
2025-10-15 21:00:00,2.78
2025-10-15 21:15:00,15.61
2025-10-15 21:30:00,6.95
2025-10-15 21:45:00,7.56
2025-10-15 22:00:00,10.67
2025-10-15 22:15:00,10.3
2025-10-15 22:30:00,8.8
2025-10-15 22:45:00,6.28
2025-10-15 23:00:00,21.4
2025-10-15 23:15:00,31.18
2025-10-15 23:30:00,9.55
2025-10-15 23:45:00,7.75
2025-10-16 00:00:00,4.33
2025-10-16 00:15:00,16.93
2025-10-16 00:30:00,17.19
2025-10-16 00:45:00,13.83
2025-10-16 01:00:00,14.01
2025-10-16 01:15:00,4.89
2025-10-16 01:30:00,12.58
2025-10-16 01:45:00,6.34
2025-10-16 02:00:00,14.1
2025-10-16 02:15:00,1.55
2025-10-16 02:30:00,3.07
2025-10-16 02:45:00,4.46
2025-10-16 03:00:00,11.8
2025-10-16 03:15:00,4.65
2025-10-16 03:30:00,8.53
2025-10-16 03:45:00,7.69
2025-10-16 04:00:00,15.26
2025-10-16 04:15:00,10.52
2025-10-16 04:30:00,9.51
2025-10-16 04:45:00,12.55
2025-10-16 05:00:00,2.99
2025-10-16 05:15:00,6.41
2025-10-16 05:30:00,5.05
2025-10-16 05:45:00,10.03
2025-10-16 06:00:00,13.27
2025-10-16 06:15:00,12.27
2025-10-16 06:30:00,9.92
2025-10-16 06:45:00,9.3
2025-10-16 07:00:00,6.34
2025-10-16 07:15:00,3.41
2025-10-16 07:30:00,20.83
2025-10-16 07:45:00,10.46
2025-10-16 08:00:00,9.94
2025-10-16 08:15:00,15.36
2025-10-16 08:30:00,12.9
2025-10-16 08:45:00,12.53
2025-10-16 09:00:00,14.06
2025-10-16 09:15:00,9.59
2025-10-16 09:30:00,2.8
2025-10-16 09:45:00,11.53
2025-10-16 10:00:00,16.07
2025-10-16 10:15:00,8.58
2025-10-16 10:30:00,11.51
2025-10-16 10:45:00,33.35
2025-10-16 11:00:00,2.38
2025-10-16 11:15:00,7.28
2025-10-16 11:30:00,10.12
2025-10-16 11:45:00,3.61
2025-10-16 12:00:00,4.45
2025-10-16 12:15:00,13.49
2025-10-16 12:30:00,11.44
2025-10-16 12:45:00,18.52
2025-10-16 13:00:00,8.26
2025-10-16 13:15:00,3.41
2025-10-16 13:30:00,7.58
2025-10-16 13:45:00,9.07
2025-10-16 14:00:00,10.5
2025-10-16 14:15:00,5.32
2025-10-16 14:30:00,14.65
2025-10-16 14:45:00,8.68
2025-10-16 15:00:00,7.62
2025-10-16 15:15:00,4.44
2025-10-16 15:30:00,9.53
2025-10-16 15:45:00,5.88
2025-10-16 16:00:00,10.79
2025-10-16 16:15:00,6.42
2025-10-16 16:30:00,30.19
2025-10-16 16:45:00,7.86
2025-10-16 17:00:00,13.15
2025-10-16 17:15:00,13.99
2025-10-16 17:30:00,6.96
2025-10-16 17:45:00,9.97
2025-10-16 18:00:00,18.87
2025-10-16 18:15:00,20.91
2025-10-16 18:30:00,13.3
2025-10-16 18:45:00,9.4
2025-10-16 19:00:00,14.64
2025-10-16 19:15:00,18.6
2025-10-16 19:30:00,4.38
2025-10-16 19:45:00,7.2
2025-10-16 20:00:00,10.04
2025-10-16 20:15:00,10.77
2025-10-16 20:30:00,16.14
2025-10-16 20:45:00,18.21
2025-10-16 21:00:00,8.51
2025-10-16 21:15:00,9.95
2025-10-16 21:30:00,9.62
2025-10-16 21:45:00,1.95
2025-10-16 22:00:00,10.2
2025-10-16 22:15:00,8.76
2025-10-16 22:30:00,6.61
2025-10-16 22:45:00,9.36
2025-10-16 23:00:00,9.53
2025-10-16 23:15:00,9.44
2025-10-16 23:30:00,5.38
2025-10-16 23:45:00,20.12
2025-10-17 00:00:00,5.31
2025-10-17 00:15:00,4.6
2025-10-17 00:30:00,3.36
2025-10-17 00:45:00,8.01
2025-10-17 01:00:00,15.89
2025-10-17 01:15:00,11.38
2025-10-17 01:30:00,4.71
2025-10-17 01:45:00,3.5
2025-10-17 02:00:00,10.1
2025-10-17 02:15:00,5.01
2025-10-17 02:30:00,9.05
2025-10-17 02:45:00,13.06
2025-10-17 03:00:00,10.22
2025-10-17 03:15:00,7.9
2025-10-17 03:30:00,4.64
2025-10-17 03:45:00,9.94
2025-10-17 04:00:00,8.62
2025-10-17 04:15:00,6.73
2025-10-17 04:30:00,2.41
2025-10-17 04:45:00,7.31
2025-10-17 05:00:00,6.88
2025-10-17 05:15:00,3.09
2025-10-17 05:30:00,8.85
2025-10-17 05:45:00,3.15
2025-10-17 06:00:00,6.09
2025-10-17 06:15:00,9.49
2025-10-17 06:30:00,7.5
2025-10-17 06:45:00,9.14
2025-10-17 07:00:00,11.94
2025-10-17 07:15:00,10.28
2025-10-17 07:30:00,6.34
2025-10-17 07:45:00,7.87
2025-10-17 08:00:00,19.8
2025-10-17 08:15:00,13.2
2025-10-17 08:30:00,14.65
2025-10-17 08:45:00,14.78
2025-10-17 09:00:00,13.12
2025-10-17 09:15:00,14.72
2025-10-17 09:30:00,17.29
2025-10-17 09:45:00,11.25
2025-10-17 10:00:00,8.92
2025-10-17 10:15:00,1.94
2025-10-17 10:30:00,16.34
2025-10-17 10:45:00,8.63
2025-10-17 11:00:00,3.43
2025-10-17 11:15:00,9.71
2025-10-17 11:30:00,8.64
2025-10-17 11:45:00,11.53
2025-10-17 12:00:00,13.19
2025-10-17 12:15:00,6.7
2025-10-17 12:30:00,7.67
2025-10-17 12:45:00,8.71
2025-10-17 13:00:00,18.64
2025-10-17 13:15:00,18.6
2025-10-17 13:30:00,7.8
2025-10-17 13:45:00,9.79
2025-10-17 14:00:00,5.87
2025-10-17 14:15:00,18.94
2025-10-17 14:30:00,9.88
2025-10-17 14:45:00,6.17
2025-10-17 15:00:00,10.13
2025-10-17 15:15:00,16.13
2025-10-17 15:30:00,6.83
2025-10-17 15:45:00,6.13
2025-10-17 16:00:00,2.69
2025-10-17 16:15:00,10.42
2025-10-17 16:30:00,8.62
2025-10-17 16:45:00,6.64
2025-10-17 17:00:00,8.76
2025-10-17 17:15:00,3.82
2025-10-17 17:30:00,6.83
2025-10-17 17:45:00,10.2
2025-10-17 18:00:00,9.36
2025-10-17 18:15:00,15.49
2025-10-17 18:30:00,16.34
2025-10-17 18:45:00,12.12
2025-10-17 19:00:00,10.47
2025-10-17 19:15:00,1.6
2025-10-17 19:30:00,4.45
2025-10-17 19:45:00,2.83
2025-10-17 20:00:00,6.49
2025-10-17 20:15:00,1.9
2025-10-17 20:30:00,8.76
2025-10-17 20:45:00,13.31
2025-10-17 21:00:00,22.22
2025-10-17 21:15:00,8.19
2025-10-17 21:30:00,7.96
2025-10-17 21:45:00,5.09
2025-10-17 22:00:00,16.93
2025-10-17 22:15:00,9.48
2025-10-17 22:30:00,1.67
2025-10-17 22:45:00,11.35
2025-10-17 23:00:00,8.69
2025-10-17 23:15:00,2.51
2025-10-17 23:30:00,10.23
2025-10-17 23:45:00,7.69
2025-10-18 00:00:00,2.74
2025-10-18 00:15:00,15.09
2025-10-18 00:30:00,4.08
2025-10-18 00:45:00,12.39
2025-10-18 01:00:00,3.96
2025-10-18 01:15:00,0.0
2025-10-18 01:30:00,3.42
2025-10-18 01:45:00,3.65
2025-10-18 02:00:00,2.41
2025-10-18 02:15:00,14.48
2025-10-18 02:30:00,0.99
2025-10-18 02:45:00,6.4
2025-10-18 03:00:00,9.31
2025-10-18 03:15:00,4.93
2025-10-18 03:30:00,7.67
2025-10-18 03:45:00,2.18
2025-10-18 04:00:00,4.45
2025-10-18 04:15:00,3.37
2025-10-18 04:30:00,13.67
2025-10-18 04:45:00,0.74
2025-10-18 05:00:00,10.53
2025-10-18 05:15:00,16.79
2025-10-18 05:30:00,14.31
2025-10-18 05:45:00,6.67
2025-10-18 06:00:00,2.5
2025-10-18 06:15:00,0.0
2025-10-18 06:30:00,7.26
2025-10-18 06:45:00,10.45
2025-10-18 07:00:00,13.32
2025-10-18 07:15:00,11.25
2025-10-18 07:30:00,16.52
2025-10-18 07:45:00,6.06
2025-10-18 08:00:00,3.03
2025-10-18 08:15:00,10.09
2025-10-18 08:30:00,13.19
2025-10-18 08:45:00,10.82
2025-10-18 09:00:00,13.81
2025-10-18 09:15:00,0.0
2025-10-18 09:30:00,19.74
2025-10-18 09:45:00,25.76
2025-10-18 10:00:00,0.56
2025-10-18 10:15:00,5.03
2025-10-18 10:30:00,9.14
2025-10-18 10:45:00,11.32
2025-10-18 11:00:00,0.0
2025-10-18 11:15:00,4.02
2025-10-18 11:30:00,0.0
2025-10-18 11:45:00,0.0
2025-10-18 12:00:00,9.0
2025-10-18 12:15:00,6.56
2025-10-18 12:30:00,0.0
2025-10-18 12:45:00,9.88
2025-10-18 13:00:00,6.2
2025-10-18 13:15:00,6.42
2025-10-18 13:30:00,0.34
2025-10-18 13:45:00,7.05
2025-10-18 14:00:00,0.0
2025-10-18 14:15:00,0.43
2025-10-18 14:30:00,7.73
2025-10-18 14:45:00,0.0
2025-10-18 15:00:00,6.95
2025-10-18 15:15:00,6.92
2025-10-18 15:30:00,0.0
2025-10-18 15:45:00,5.32
2025-10-18 16:00:00,6.45
2025-10-18 16:15:00,0.44
2025-10-18 16:30:00,14.02
2025-10-18 16:45:00,0.0
2025-10-18 17:00:00,0.0
2025-10-18 17:15:00,9.16
2025-10-18 17:30:00,9.93
2025-10-18 17:45:00,16.34
2025-10-18 18:00:00,12.08
2025-10-18 18:15:00,32.77
2025-10-18 18:30:00,8.86
2025-10-18 18:45:00,0.85
2025-10-18 19:00:00,8.89
2025-10-18 19:15:00,9.03
2025-10-18 19:30:00,5.1
2025-10-18 19:45:00,15.94
2025-10-18 20:00:00,7.13
2025-10-18 20:15:00,0.0
2025-10-18 20:30:00,4.53
2025-10-18 20:45:00,4.53
2025-10-18 21:00:00,3.39
2025-10-18 21:15:00,3.15
2025-10-18 21:30:00,0.09
2025-10-18 21:45:00,6.52
2025-10-18 22:00:00,3.45
2025-10-18 22:15:00,5.24
2025-10-18 22:30:00,8.24
2025-10-18 22:45:00,5.48
2025-10-18 23:00:00,0.0
2025-10-18 23:15:00,2.13
2025-10-18 23:30:00,5.52
2025-10-18 23:45:00,5.53
2025-10-19 00:00:00,19.16
2025-10-19 00:15:00,6.17
2025-10-19 00:30:00,7.77
2025-10-19 00:45:00,0.0
2025-10-19 01:00:00,3.47
2025-10-19 01:15:00,0.0
2025-10-19 01:30:00,4.46
2025-10-19 01:45:00,5.72
2025-10-19 02:00:00,0.0
2025-10-19 02:15:00,3.3
2025-10-19 02:30:00,3.19
2025-10-19 02:45:00,7.92
2025-10-19 03:00:00,0.1
2025-10-19 03:15:00,4.03
2025-10-19 03:30:00,13.53
2025-10-19 03:45:00,4.38
2025-10-19 04:00:00,3.92
2025-10-19 04:15:00,4.44
2025-10-19 04:30:00,3.12
2025-10-19 04:45:00,3.74
2025-10-19 05:00:00,7.42
2025-10-19 05:15:00,11.57
2025-10-19 05:30:00,4.33
2025-10-19 05:45:00,0.53
2025-10-19 06:00:00,11.2
2025-10-19 06:15:00,10.93
2025-10-19 06:30:00,3.66
2025-10-19 06:45:00,1.38
2025-10-19 07:00:00,7.37
2025-10-19 07:15:00,21.77
2025-10-19 07:30:00,0.0
2025-10-19 07:45:00,11.11
2025-10-19 08:00:00,28.16
2025-10-19 08:15:00,10.92
2025-10-19 08:30:00,4.53
2025-10-19 08:45:00,11.65
2025-10-19 09:00:00,9.18
2025-10-19 09:15:00,13.55
2025-10-19 09:30:00,12.67
2025-10-19 09:45:00,15.42
2025-10-19 10:00:00,6.17
2025-10-19 10:15:00,15.44
2025-10-19 10:30:00,14.47
2025-10-19 10:45:00,0.45
2025-10-19 11:00:00,5.4
2025-10-19 11:15:00,2.09
2025-10-19 11:30:00,6.91
2025-10-19 11:45:00,9.85
2025-10-19 12:00:00,3.99
2025-10-19 12:15:00,6.82
2025-10-19 12:30:00,6.31
2025-10-19 12:45:00,4.91
2025-10-19 13:00:00,0.94
2025-10-19 13:15:00,7.11
2025-10-19 13:30:00,2.79
2025-10-19 13:45:00,11.27
2025-10-19 14:00:00,0.0
2025-10-19 14:15:00,3.68
2025-10-19 14:30:00,3.22
2025-10-19 14:45:00,0.0
2025-10-19 15:00:00,1.25
2025-10-19 15:15:00,10.47
2025-10-19 15:30:00,7.22
2025-10-19 15:45:00,6.09
2025-10-19 16:00:00,5.87
2025-10-19 16:15:00,0.0
2025-10-19 16:30:00,6.33
2025-10-19 16:45:00,5.01
2025-10-19 17:00:00,3.66
2025-10-19 17:15:00,8.46
2025-10-19 17:30:00,0.0
2025-10-19 17:45:00,7.12
2025-10-19 18:00:00,13.95
2025-10-19 18:15:00,13.5
2025-10-19 18:30:00,8.17
2025-10-19 18:45:00,2.78
2025-10-19 19:00:00,6.31
2025-10-19 19:15:00,0.0
2025-10-19 19:30:00,7.47
2025-10-19 19:45:00,5.9
2025-10-19 20:00:00,7.68
2025-10-19 20:15:00,5.57
2025-10-19 20:30:00,3.13
2025-10-19 20:45:00,3.0
2025-10-19 21:00:00,0.4
2025-10-19 21:15:00,5.56
2025-10-19 21:30:00,18.02
2025-10-19 21:45:00,4.46
2025-10-19 22:00:00,8.44
2025-10-19 22:15:00,7.82
2025-10-19 22:30:00,0.69
2025-10-19 22:45:00,7.77
2025-10-19 23:00:00,2.55
2025-10-19 23:15:00,0.0
2025-10-19 23:30:00,2.72
2025-10-19 23:45:00,0.68
2025-10-20 00:00:00,4.22
2025-10-20 00:15:00,8.21
2025-10-20 00:30:00,4.6
2025-10-20 00:45:00,10.39
2025-10-20 01:00:00,7.03
2025-10-20 01:15:00,2.95
2025-10-20 01:30:00,7.79
2025-10-20 01:45:00,4.08
2025-10-20 02:00:00,4.81
2025-10-20 02:15:00,9.58
2025-10-20 02:30:00,9.39
2025-10-20 02:45:00,2.86
2025-10-20 03:00:00,7.37
2025-10-20 03:15:00,8.56
2025-10-20 03:30:00,3.87
2025-10-20 03:45:00,4.57
2025-10-20 04:00:00,11.08
2025-10-20 04:15:00,9.91
2025-10-20 04:30:00,2.66
2025-10-20 04:45:00,4.6
2025-10-20 05:00:00,12.11
2025-10-20 05:15:00,8.45
2025-10-20 05:30:00,23.78
2025-10-20 05:45:00,10.19
2025-10-20 06:00:00,16.25
2025-10-20 06:15:00,21.35
2025-10-20 06:30:00,8.99
2025-10-20 06:45:00,8.86
2025-10-20 07:00:00,4.87
2025-10-20 07:15:00,1.82
2025-10-20 07:30:00,6.12
2025-10-20 07:45:00,9.25
2025-10-20 08:00:00,15.18
2025-10-20 08:15:00,8.0
2025-10-20 08:30:00,12.27
2025-10-20 08:45:00,12.21
2025-10-20 09:00:00,16.85
2025-10-20 09:15:00,19.9
2025-10-20 09:30:00,3.84
2025-10-20 09:45:00,11.73
2025-10-20 10:00:00,12.14
2025-10-20 10:15:00,4.09
2025-10-20 10:30:00,8.32
2025-10-20 10:45:00,10.66
2025-10-20 11:00:00,5.99
2025-10-20 11:15:00,28.04
2025-10-20 11:30:00,14.06
2025-10-20 11:45:00,6.79
2025-10-20 12:00:00,7.13
2025-10-20 12:15:00,13.88
2025-10-20 12:30:00,2.0
2025-10-20 12:45:00,10.69
2025-10-20 13:00:00,11.33
2025-10-20 13:15:00,8.93
2025-10-20 13:30:00,8.05
2025-10-20 13:45:00,9.67
2025-10-20 14:00:00,20.44
2025-10-20 14:15:00,9.73
2025-10-20 14:30:00,13.75
2025-10-20 14:45:00,2.59
2025-10-20 15:00:00,9.04
2025-10-20 15:15:00,2.99
2025-10-20 15:30:00,2.56
2025-10-20 15:45:00,11.33
2025-10-20 16:00:00,11.03
2025-10-20 16:15:00,8.41
2025-10-20 16:30:00,9.04
2025-10-20 16:45:00,13.64
2025-10-20 17:00:00,22.9
2025-10-20 17:15:00,14.56
2025-10-20 17:30:00,12.52
2025-10-20 17:45:00,20.39
2025-10-20 18:00:00,11.07
2025-10-20 18:15:00,15.68
2025-10-20 18:30:00,5.96
2025-10-20 18:45:00,14.69
2025-10-20 19:00:00,12.07
2025-10-20 19:15:00,15.73
2025-10-20 19:30:00,17.2
2025-10-20 19:45:00,7.79
2025-10-20 20:00:00,16.15
2025-10-20 20:15:00,10.01
2025-10-20 20:30:00,3.1
2025-10-20 20:45:00,10.62
2025-10-20 21:00:00,33.19
2025-10-20 21:15:00,8.98
2025-10-20 21:30:00,7.21
2025-10-20 21:45:00,14.12
2025-10-20 22:00:00,7.47
2025-10-20 22:15:00,4.42
2025-10-20 22:30:00,10.36
2025-10-20 22:45:00,3.51
2025-10-20 23:00:00,6.31
2025-10-20 23:15:00,3.83
2025-10-20 23:30:00,18.88
2025-10-20 23:45:00,10.25
2025-10-21 00:00:00,5.97
2025-10-21 00:15:00,2.67
2025-10-21 00:30:00,6.12
2025-10-21 00:45:00,15.9
2025-10-21 01:00:00,12.38
2025-10-21 01:15:00,6.79
2025-10-21 01:30:00,12.41
2025-10-21 01:45:00,7.54
2025-10-21 02:00:00,21.0
2025-10-21 02:15:00,2.71
2025-10-21 02:30:00,9.06
2025-10-21 02:45:00,9.08
2025-10-21 03:00:00,4.79
2025-10-21 03:15:00,9.89
2025-10-21 03:30:00,5.61
2025-10-21 03:45:00,15.36
2025-10-21 04:00:00,3.99
2025-10-21 04:15:00,6.27
2025-10-21 04:30:00,26.42
2025-10-21 04:45:00,13.36
2025-10-21 05:00:00,10.95
2025-10-21 05:15:00,10.54
2025-10-21 05:30:00,11.87
2025-10-21 05:45:00,15.15
2025-10-21 06:00:00,10.23
2025-10-21 06:15:00,25.57
2025-10-21 06:30:00,20.27
2025-10-21 06:45:00,14.56
2025-10-21 07:00:00,21.77
2025-10-21 07:15:00,9.02
2025-10-21 07:30:00,15.41
2025-10-21 07:45:00,22.75
2025-10-21 08:00:00,17.52
2025-10-21 08:15:00,11.09
2025-10-21 08:30:00,14.37
2025-10-21 08:45:00,15.82
2025-10-21 09:00:00,30.32
2025-10-21 09:15:00,12.58
2025-10-21 09:30:00,11.28
2025-10-21 09:45:00,13.95
2025-10-21 10:00:00,4.32
2025-10-21 10:15:00,9.03
2025-10-21 10:30:00,17.72
2025-10-21 10:45:00,9.03
2025-10-21 11:00:00,11.21
2025-10-21 11:15:00,7.29
2025-10-21 11:30:00,9.76
2025-10-21 11:45:00,2.52
2025-10-21 12:00:00,2.17
2025-10-21 12:15:00,30.9
2025-10-21 12:30:00,10.98
2025-10-21 12:45:00,8.62
2025-10-21 13:00:00,7.89
2025-10-21 13:15:00,7.66
2025-10-21 13:30:00,15.11
2025-10-21 13:45:00,9.25
2025-10-21 14:00:00,7.13
2025-10-21 14:15:00,10.59
2025-10-21 14:30:00,13.6
2025-10-21 14:45:00,12.34
2025-10-21 15:00:00,10.58
2025-10-21 15:15:00,2.41
2025-10-21 15:30:00,9.98
2025-10-21 15:45:00,8.92
2025-10-21 16:00:00,3.18
2025-10-21 16:15:00,6.76
2025-10-21 16:30:00,12.47
2025-10-21 16:45:00,9.15
2025-10-21 17:00:00,10.31
2025-10-21 17:15:00,20.83
2025-10-21 17:30:00,13.2
2025-10-21 17:45:00,9.13
2025-10-21 18:00:00,7.27
2025-10-21 18:15:00,13.26
2025-10-21 18:30:00,11.1
2025-10-21 18:45:00,6.35
2025-10-21 19:00:00,15.02
2025-10-21 19:15:00,2.15
2025-10-21 19:30:00,9.45
2025-10-21 19:45:00,15.57
2025-10-21 20:00:00,2.29
2025-10-21 20:15:00,13.72
2025-10-21 20:30:00,16.33
2025-10-21 20:45:00,18.17
2025-10-21 21:00:00,10.05
2025-10-21 21:15:00,24.84
2025-10-21 21:30:00,2.88
2025-10-21 21:45:00,19.57
2025-10-21 22:00:00,8.47
2025-10-21 22:15:00,16.59
2025-10-21 22:30:00,1.81
2025-10-21 22:45:00,0.97
2025-10-21 23:00:00,2.77
2025-10-21 23:15:00,5.51
2025-10-21 23:30:00,10.89
2025-10-21 23:45:00,18.68
2025-10-22 00:00:00,8.91
2025-10-22 00:15:00,27.32
2025-10-22 00:30:00,12.73
2025-10-22 00:45:00,4.17
2025-10-22 01:00:00,5.03
2025-10-22 01:15:00,21.89
2025-10-22 01:30:00,10.31
2025-10-22 01:45:00,9.79
2025-10-22 02:00:00,4.81
2025-10-22 02:15:00,2.33
2025-10-22 02:30:00,17.29
2025-10-22 02:45:00,10.83
2025-10-22 03:00:00,4.54
2025-10-22 03:15:00,2.72
2025-10-22 03:30:00,8.84
2025-10-22 03:45:00,9.06
2025-10-22 04:00:00,6.87
2025-10-22 04:15:00,3.38
2025-10-22 04:30:00,14.57
2025-10-22 04:45:00,5.49
2025-10-22 05:00:00,2.05
2025-10-22 05:15:00,8.63
2025-10-22 05:30:00,8.2
2025-10-22 05:45:00,18.65
2025-10-22 06:00:00,7.16
2025-10-22 06:15:00,13.78
2025-10-22 06:30:00,7.38
2025-10-22 06:45:00,19.16
2025-10-22 07:00:00,11.09
2025-10-22 07:15:00,11.26
2025-10-22 07:30:00,7.98
2025-10-22 07:45:00,7.99
2025-10-22 08:00:00,26.84
2025-10-22 08:15:00,14.7
2025-10-22 08:30:00,16.64
2025-10-22 08:45:00,8.63
2025-10-22 09:00:00,14.66
2025-10-22 09:15:00,9.78
2025-10-22 09:30:00,12.37
2025-10-22 09:45:00,23.68
2025-10-22 10:00:00,9.72
2025-10-22 10:15:00,10.39
2025-10-22 10:30:00,6.8
2025-10-22 10:45:00,7.79
2025-10-22 11:00:00,8.54
2025-10-22 11:15:00,1.81
2025-10-22 11:30:00,9.18
2025-10-22 11:45:00,4.13
2025-10-22 12:00:00,15.95
2025-10-22 12:15:00,20.87
2025-10-22 12:30:00,15.45
2025-10-22 12:45:00,9.66
2025-10-22 13:00:00,3.42
2025-10-22 13:15:00,3.58
2025-10-22 13:30:00,9.42
2025-10-22 13:45:00,10.28
2025-10-22 14:00:00,3.87
2025-10-22 14:15:00,8.94
2025-10-22 14:30:00,10.79
2025-10-22 14:45:00,14.31
2025-10-22 15:00:00,6.48
2025-10-22 15:15:00,8.46
2025-10-22 15:30:00,4.05
2025-10-22 15:45:00,1.9
2025-10-22 16:00:00,5.34
2025-10-22 16:15:00,7.77
2025-10-22 16:30:00,10.44
2025-10-22 16:45:00,2.84
2025-10-22 17:00:00,29.42
2025-10-22 17:15:00,23.26
2025-10-22 17:30:00,16.12
2025-10-22 17:45:00,7.67
2025-10-22 18:00:00,3.33
2025-10-22 18:15:00,10.72
2025-10-22 18:30:00,21.97
2025-10-22 18:45:00,18.19
2025-10-22 19:00:00,2.81
2025-10-22 19:15:00,21.01
2025-10-22 19:30:00,14.43
2025-10-22 19:45:00,10.14
2025-10-22 20:00:00,9.42
2025-10-22 20:15:00,18.89
2025-10-22 20:30:00,10.96
2025-10-22 20:45:00,10.24
2025-10-22 21:00:00,2.71
2025-10-22 21:15:00,10.73
2025-10-22 21:30:00,10.31
2025-10-22 21:45:00,1.56
2025-10-22 22:00:00,13.41
2025-10-22 22:15:00,2.76
2025-10-22 22:30:00,24.48
2025-10-22 22:45:00,7.14
2025-10-22 23:00:00,6.75
2025-10-22 23:15:00,20.2
2025-10-22 23:30:00,13.43
2025-10-22 23:45:00,8.99
2025-10-23 00:00:00,10.3
2025-10-23 00:15:00,7.84
2025-10-23 00:30:00,6.01
2025-10-23 00:45:00,5.21
2025-10-23 01:00:00,15.4
2025-10-23 01:15:00,6.22
2025-10-23 01:30:00,18.53
2025-10-23 01:45:00,9.04
2025-10-23 02:00:00,7.51
2025-10-23 02:15:00,11.07
2025-10-23 02:30:00,6.24
2025-10-23 02:45:00,6.51
2025-10-23 03:00:00,6.29
2025-10-23 03:15:00,5.28
2025-10-23 03:30:00,1.12
2025-10-23 03:45:00,9.62
2025-10-23 04:00:00,7.33
2025-10-23 04:15:00,9.16
2025-10-23 04:30:00,6.6
2025-10-23 04:45:00,4.85
2025-10-23 05:00:00,8.52
2025-10-23 05:15:00,5.86
2025-10-23 05:30:00,3.48
2025-10-23 05:45:00,8.79
2025-10-23 06:00:00,9.33
2025-10-23 06:15:00,2.89
2025-10-23 06:30:00,7.92
2025-10-23 06:45:00,2.29
2025-10-23 07:00:00,7.63
2025-10-23 07:15:00,3.25
2025-10-23 07:30:00,9.19
2025-10-23 07:45:00,3.02
2025-10-23 08:00:00,14.8
2025-10-23 08:15:00,14.27
2025-10-23 08:30:00,12.47
2025-10-23 08:45:00,12.81
2025-10-23 09:00:00,9.9
2025-10-23 09:15:00,13.91
2025-10-23 09:30:00,13.28
2025-10-23 09:45:00,28.0
2025-10-23 10:00:00,10.87
2025-10-23 10:15:00,6.61
2025-10-23 10:30:00,3.16
2025-10-23 10:45:00,8.05
2025-10-23 11:00:00,26.71
2025-10-23 11:15:00,19.14
2025-10-23 11:30:00,7.57
2025-10-23 11:45:00,3.03
2025-10-23 12:00:00,8.19
2025-10-23 12:15:00,8.98
2025-10-23 12:30:00,7.13
2025-10-23 12:45:00,7.82
2025-10-23 13:00:00,6.66
2025-10-23 13:15:00,9.91
2025-10-23 13:30:00,17.57
2025-10-23 13:45:00,3.98
2025-10-23 14:00:00,8.71
2025-10-23 14:15:00,7.05
2025-10-23 14:30:00,19.32
2025-10-23 14:45:00,7.1
2025-10-23 15:00:00,2.29
2025-10-23 15:15:00,9.61
2025-10-23 15:30:00,7.82
2025-10-23 15:45:00,7.78
2025-10-23 16:00:00,7.46
2025-10-23 16:15:00,15.14
2025-10-23 16:30:00,12.69
2025-10-23 16:45:00,15.82
2025-10-23 17:00:00,10.46
2025-10-23 17:15:00,25.94
2025-10-23 17:30:00,20.17
2025-10-23 17:45:00,8.31
2025-10-23 18:00:00,12.54
2025-10-23 18:15:00,3.81
2025-10-23 18:30:00,8.81
2025-10-23 18:45:00,12.51
2025-10-23 19:00:00,8.13
2025-10-23 19:15:00,28.23
2025-10-23 19:30:00,10.08
2025-10-23 19:45:00,2.99
2025-10-23 20:00:00,7.19
2025-10-23 20:15:00,1.9
2025-10-23 20:30:00,11.03
2025-10-23 20:45:00,8.44
2025-10-23 21:00:00,10.77
2025-10-23 21:15:00,23.05
2025-10-23 21:30:00,10.45
2025-10-23 21:45:00,19.09
2025-10-23 22:00:00,2.35
2025-10-23 22:15:00,11.53
2025-10-23 22:30:00,20.89
2025-10-23 22:45:00,8.69
2025-10-23 23:00:00,2.09
2025-10-23 23:15:00,10.13
2025-10-23 23:30:00,5.06
2025-10-23 23:45:00,10.66
2025-10-24 00:00:00,5.74
2025-10-24 00:15:00,18.02
2025-10-24 00:30:00,16.24
2025-10-24 00:45:00,14.16
2025-10-24 01:00:00,5.16
2025-10-24 01:15:00,21.34
2025-10-24 01:30:00,3.63
2025-10-24 01:45:00,3.82
2025-10-24 02:00:00,7.64
2025-10-24 02:15:00,7.61
2025-10-24 02:30:00,11.85
2025-10-24 02:45:00,2.1
2025-10-24 03:00:00,9.91
2025-10-24 03:15:00,2.23
2025-10-24 03:30:00,17.87
2025-10-24 03:45:00,7.86
2025-10-24 04:00:00,6.17
2025-10-24 04:15:00,8.74
2025-10-24 04:30:00,10.12
2025-10-24 04:45:00,5.56
2025-10-24 05:00:00,3.57
2025-10-24 05:15:00,13.79
2025-10-24 05:30:00,2.95
2025-10-24 05:45:00,9.09
2025-10-24 06:00:00,23.04
2025-10-24 06:15:00,7.2
2025-10-24 06:30:00,7.95
2025-10-24 06:45:00,7.28
2025-10-24 07:00:00,11.81
2025-10-24 07:15:00,30.53
2025-10-24 07:30:00,7.92
2025-10-24 07:45:00,9.23
2025-10-24 08:00:00,10.43
2025-10-24 08:15:00,12.99
2025-10-24 08:30:00,15.66
2025-10-24 08:45:00,15.97
2025-10-24 09:00:00,12.19
2025-10-24 09:15:00,19.12
2025-10-24 09:30:00,3.69
2025-10-24 09:45:00,12.21
2025-10-24 10:00:00,6.03
2025-10-24 10:15:00,3.59
2025-10-24 10:30:00,11.79
2025-10-24 10:45:00,3.29
2025-10-24 11:00:00,6.16
2025-10-24 11:15:00,6.38
2025-10-24 11:30:00,7.83
2025-10-24 11:45:00,5.95
2025-10-24 12:00:00,2.91
2025-10-24 12:15:00,12.76
2025-10-24 12:30:00,7.62
2025-10-24 12:45:00,10.22
2025-10-24 13:00:00,13.21
2025-10-24 13:15:00,7.94
2025-10-24 13:30:00,7.13
2025-10-24 13:45:00,8.81
2025-10-24 14:00:00,15.11
2025-10-24 14:15:00,9.15
2025-10-24 14:30:00,2.22
2025-10-24 14:45:00,10.43
2025-10-24 15:00:00,7.2
2025-10-24 15:15:00,9.88
2025-10-24 15:30:00,6.63
2025-10-24 15:45:00,8.73
2025-10-24 16:00:00,8.78
2025-10-24 16:15:00,9.44
2025-10-24 16:30:00,7.06
2025-10-24 16:45:00,9.09
2025-10-24 17:00:00,13.53
2025-10-24 17:15:00,9.96
2025-10-24 17:30:00,12.39
2025-10-24 17:45:00,14.3
2025-10-24 18:00:00,14.7
2025-10-24 18:15:00,3.19
2025-10-24 18:30:00,19.6
2025-10-24 18:45:00,6.2
2025-10-24 19:00:00,16.62
2025-10-24 19:15:00,17.41
2025-10-24 19:30:00,15.96
2025-10-24 19:45:00,18.12
2025-10-24 20:00:00,11.03
2025-10-24 20:15:00,11.39
2025-10-24 20:30:00,3.3
2025-10-24 20:45:00,8.06
2025-10-24 21:00:00,9.12
2025-10-24 21:15:00,9.47
2025-10-24 21:30:00,8.97
2025-10-24 21:45:00,3.95
2025-10-24 22:00:00,2.61
2025-10-24 22:15:00,9.23
2025-10-24 22:30:00,3.15
2025-10-24 22:45:00,8.84
2025-10-24 23:00:00,10.92
2025-10-24 23:15:00,4.34
2025-10-24 23:30:00,8.49
2025-10-24 23:45:00,4.35
2025-10-25 00:00:00,0.0
2025-10-25 00:15:00,0.0
2025-10-25 00:30:00,10.28
2025-10-25 00:45:00,4.97
2025-10-25 01:00:00,15.64
2025-10-25 01:15:00,2.75
2025-10-25 01:30:00,0.0
2025-10-25 01:45:00,6.9
2025-10-25 02:00:00,1.66
2025-10-25 02:15:00,7.01
2025-10-25 02:30:00,1.23
2025-10-25 02:45:00,20.65
2025-10-25 03:00:00,6.99
2025-10-25 03:15:00,4.26
2025-10-25 03:30:00,7.15
2025-10-25 03:45:00,0.0
2025-10-25 04:00:00,12.05
2025-10-25 04:15:00,4.73
2025-10-25 04:30:00,0.56
2025-10-25 04:45:00,2.3
2025-10-25 05:00:00,5.51
2025-10-25 05:15:00,3.05
2025-10-25 05:30:00,0.0
2025-10-25 05:45:00,1.77
2025-10-25 06:00:00,12.5
2025-10-25 06:15:00,0.51
2025-10-25 06:30:00,7.04
2025-10-25 06:45:00,12.95
2025-10-25 07:00:00,31.06
2025-10-25 07:15:00,7.75
2025-10-25 07:30:00,4.95
2025-10-25 07:45:00,1.36
2025-10-25 08:00:00,0.7
2025-10-25 08:15:00,8.22
2025-10-25 08:30:00,24.36
2025-10-25 08:45:00,4.68
2025-10-25 09:00:00,13.7
2025-10-25 09:15:00,12.93
2025-10-25 09:30:00,6.3
2025-10-25 09:45:00,3.56
2025-10-25 10:00:00,6.47
2025-10-25 10:15:00,0.0
2025-10-25 10:30:00,7.34
2025-10-25 10:45:00,4.19
2025-10-25 11:00:00,5.39
2025-10-25 11:15:00,5.11
2025-10-25 11:30:00,6.93
2025-10-25 11:45:00,5.57
2025-10-25 12:00:00,9.3
2025-10-25 12:15:00,3.22
2025-10-25 12:30:00,13.8
2025-10-25 12:45:00,3.33
2025-10-25 13:00:00,0.0
2025-10-25 13:15:00,13.58
2025-10-25 13:30:00,9.43
2025-10-25 13:45:00,8.3
2025-10-25 14:00:00,6.1
2025-10-25 14:15:00,1.6
2025-10-25 14:30:00,14.56
2025-10-25 14:45:00,6.42
2025-10-25 15:00:00,6.43
2025-10-25 15:15:00,3.16
2025-10-25 15:30:00,27.87
2025-10-25 15:45:00,2.31
2025-10-25 16:00:00,4.69
2025-10-25 16:15:00,1.09
2025-10-25 16:30:00,18.67
2025-10-25 16:45:00,4.84
2025-10-25 17:00:00,4.4
2025-10-25 17:15:00,13.09
2025-10-25 17:30:00,12.7
2025-10-25 17:45:00,11.79
2025-10-25 18:00:00,6.17
2025-10-25 18:15:00,1.8
2025-10-25 18:30:00,9.74
2025-10-25 18:45:00,0.64
2025-10-25 19:00:00,6.59
2025-10-25 19:15:00,11.18
2025-10-25 19:30:00,0.0
2025-10-25 19:45:00,23.81
2025-10-25 20:00:00,25.53
2025-10-25 20:15:00,8.47
2025-10-25 20:30:00,6.5
2025-10-25 20:45:00,22.75
2025-10-25 21:00:00,5.96
2025-10-25 21:15:00,24.23
2025-10-25 21:30:00,16.42
2025-10-25 21:45:00,8.67
2025-10-25 22:00:00,5.28
2025-10-25 22:15:00,10.32
2025-10-25 22:30:00,0.0
2025-10-25 22:45:00,6.39
2025-10-25 23:00:00,17.45
2025-10-25 23:15:00,1.45
2025-10-25 23:30:00,1.99
2025-10-25 23:45:00,16.88
2025-10-26 00:00:00,5.99
2025-10-26 00:15:00,1.95
2025-10-26 00:30:00,16.09
2025-10-26 00:45:00,0.0
2025-10-26 01:00:00,2.22
2025-10-26 01:15:00,0.25
2025-10-26 01:30:00,12.43
2025-10-26 01:45:00,4.15
2025-10-26 02:00:00,5.28
2025-10-26 02:15:00,4.26
2025-10-26 02:30:00,13.58
2025-10-26 02:45:00,3.14
2025-10-26 03:00:00,5.61
2025-10-26 03:15:00,4.57
2025-10-26 03:30:00,3.65
2025-10-26 03:45:00,1.47
2025-10-26 04:00:00,0.01
2025-10-26 04:15:00,6.91
2025-10-26 04:30:00,0.0
2025-10-26 04:45:00,0.0
2025-10-26 05:00:00,2.72
2025-10-26 05:15:00,2.59
2025-10-26 05:30:00,3.36
2025-10-26 05:45:00,0.35
2025-10-26 06:00:00,6.92
2025-10-26 06:15:00,12.32
2025-10-26 06:30:00,16.56
2025-10-26 06:45:00,4.93
2025-10-26 07:00:00,0.62
2025-10-26 07:15:00,5.19
2025-10-26 07:30:00,9.46
2025-10-26 07:45:00,7.76
2025-10-26 08:00:00,18.41
2025-10-26 08:15:00,6.02
2025-10-26 08:30:00,0.0
2025-10-26 08:45:00,12.07
2025-10-26 09:00:00,7.84
2025-10-26 09:15:00,2.51
2025-10-26 09:30:00,11.58
2025-10-26 09:45:00,5.36
2025-10-26 10:00:00,16.26
2025-10-26 10:15:00,14.16
2025-10-26 10:30:00,0.0
2025-10-26 10:45:00,11.11
2025-10-26 11:00:00,12.22
2025-10-26 11:15:00,16.26
2025-10-26 11:30:00,6.52
2025-10-26 11:45:00,0.0
2025-10-26 12:00:00,0.0
2025-10-26 12:15:00,9.69
2025-10-26 12:30:00,7.58
2025-10-26 12:45:00,7.11
2025-10-26 13:00:00,6.19
2025-10-26 13:15:00,1.04
2025-10-26 13:30:00,4.04
2025-10-26 13:45:00,4.41
2025-10-26 14:00:00,7.59
2025-10-26 14:15:00,8.67
2025-10-26 14:30:00,0.0
2025-10-26 14:45:00,3.83
2025-10-26 15:00:00,7.1
2025-10-26 15:15:00,3.54
2025-10-26 15:30:00,6.22
2025-10-26 15:45:00,4.75
2025-10-26 16:00:00,0.0
2025-10-26 16:15:00,2.82
2025-10-26 16:30:00,2.11
2025-10-26 16:45:00,2.4
2025-10-26 17:00:00,18.79
2025-10-26 17:15:00,1.28
2025-10-26 17:30:00,7.36
2025-10-26 17:45:00,2.58
2025-10-26 18:00:00,0.89
2025-10-26 18:15:00,16.85
2025-10-26 18:30:00,36.31
2025-10-26 18:45:00,5.94
2025-10-26 19:00:00,10.65
2025-10-26 19:15:00,7.51
2025-10-26 19:30:00,5.43
2025-10-26 19:45:00,16.86
2025-10-26 20:00:00,5.6
2025-10-26 20:15:00,7.69
2025-10-26 20:30:00,5.39
2025-10-26 20:45:00,5.45
2025-10-26 21:00:00,2.17
2025-10-26 21:15:00,7.51
2025-10-26 21:30:00,4.25
2025-10-26 21:45:00,5.99
2025-10-26 22:00:00,4.41
2025-10-26 22:15:00,19.59
2025-10-26 22:30:00,2.59
2025-10-26 22:45:00,7.14
2025-10-26 23:00:00,5.92
2025-10-26 23:15:00,0.0
2025-10-26 23:30:00,5.71
2025-10-26 23:45:00,3.06
2025-10-27 00:00:00,6.99
2025-10-27 00:15:00,8.66
2025-10-27 00:30:00,2.78
2025-10-27 00:45:00,18.31
2025-10-27 01:00:00,7.77
2025-10-27 01:15:00,5.5
2025-10-27 01:30:00,11.03
2025-10-27 01:45:00,6.81
2025-10-27 02:00:00,5.09
2025-10-27 02:15:00,11.64
2025-10-27 02:30:00,9.54
2025-10-27 02:45:00,6.19
2025-10-27 03:00:00,9.89
2025-10-27 03:15:00,8.4
2025-10-27 03:30:00,6.58
2025-10-27 03:45:00,4.98
2025-10-27 04:00:00,6.67
2025-10-27 04:15:00,5.03
2025-10-27 04:30:00,3.87
2025-10-27 04:45:00,8.02
2025-10-27 05:00:00,7.17
2025-10-27 05:15:00,6.96
2025-10-27 05:30:00,18.0
2025-10-27 05:45:00,10.75
2025-10-27 06:00:00,9.11
2025-10-27 06:15:00,7.34
2025-10-27 06:30:00,14.03
2025-10-27 06:45:00,10.09
2025-10-27 07:00:00,3.16
2025-10-27 07:15:00,25.44
2025-10-27 07:30:00,15.37
2025-10-27 07:45:00,9.34
2025-10-27 08:00:00,17.66
2025-10-27 08:15:00,16.17
2025-10-27 08:30:00,16.59
2025-10-27 08:45:00,3.86
2025-10-27 09:00:00,4.94
2025-10-27 09:15:00,17.91
2025-10-27 09:30:00,5.26
2025-10-27 09:45:00,20.88
2025-10-27 10:00:00,15.39
2025-10-27 10:15:00,3.45
2025-10-27 10:30:00,15.52
2025-10-27 10:45:00,9.55
2025-10-27 11:00:00,19.75
2025-10-27 11:15:00,9.31
2025-10-27 11:30:00,17.0
2025-10-27 11:45:00,7.49
2025-10-27 12:00:00,7.05
2025-10-27 12:15:00,8.86
2025-10-27 12:30:00,7.37
2025-10-27 12:45:00,7.85
2025-10-27 13:00:00,2.44
2025-10-27 13:15:00,7.78
2025-10-27 13:30:00,21.42
2025-10-27 13:45:00,11.26
2025-10-27 14:00:00,11.5
2025-10-27 14:15:00,9.55
2025-10-27 14:30:00,8.16
2025-10-27 14:45:00,4.99
2025-10-27 15:00:00,13.72
2025-10-27 15:15:00,2.22
2025-10-27 15:30:00,9.46
2025-10-27 15:45:00,8.38
2025-10-27 16:00:00,9.99
2025-10-27 16:15:00,10.13
2025-10-27 16:30:00,10.26
2025-10-27 16:45:00,3.68
2025-10-27 17:00:00,15.86
2025-10-27 17:15:00,8.87
2025-10-27 17:30:00,21.55
2025-10-27 17:45:00,3.54
2025-10-27 18:00:00,11.56
2025-10-27 18:15:00,12.87
2025-10-27 18:30:00,17.1
2025-10-27 18:45:00,4.13
2025-10-27 19:00:00,23.01
2025-10-27 19:15:00,18.04
2025-10-27 19:30:00,19.12
2025-10-27 19:45:00,15.58
2025-10-27 20:00:00,4.13
2025-10-27 20:15:00,2.21
2025-10-27 20:30:00,12.37
2025-10-27 20:45:00,10.83
2025-10-27 21:00:00,7.68
2025-10-27 21:15:00,9.1
2025-10-27 21:30:00,2.85
2025-10-27 21:45:00,8.3
2025-10-27 22:00:00,6.48
2025-10-27 22:15:00,7.86
2025-10-27 22:30:00,6.72
2025-10-27 22:45:00,12.17
2025-10-27 23:00:00,16.08
2025-10-27 23:15:00,9.47
2025-10-27 23:30:00,7.32
2025-10-27 23:45:00,10.44
2025-10-28 00:00:00,10.17
2025-10-28 00:15:00,4.88
2025-10-28 00:30:00,3.14
2025-10-28 00:45:00,22.6
2025-10-28 01:00:00,4.49
2025-10-28 01:15:00,8.06
2025-10-28 01:30:00,10.32
2025-10-28 01:45:00,15.55
2025-10-28 02:00:00,5.27
2025-10-28 02:15:00,9.86
2025-10-28 02:30:00,6.29
2025-10-28 02:45:00,8.42
2025-10-28 03:00:00,13.08
2025-10-28 03:15:00,7.87
2025-10-28 03:30:00,3.86
2025-10-28 03:45:00,4.84
2025-10-28 04:00:00,4.09
2025-10-28 04:15:00,16.99
2025-10-28 04:30:00,2.19
2025-10-28 04:45:00,5.79
2025-10-28 05:00:00,11.95
2025-10-28 05:15:00,7.94
2025-10-28 05:30:00,5.19
2025-10-28 05:45:00,8.6
2025-10-28 06:00:00,13.06
2025-10-28 06:15:00,13.15
2025-10-28 06:30:00,10.09
2025-10-28 06:45:00,6.5
2025-10-28 07:00:00,9.18
2025-10-28 07:15:00,14.08
2025-10-28 07:30:00,3.0
2025-10-28 07:45:00,8.08
2025-10-28 08:00:00,4.25
2025-10-28 08:15:00,18.41
2025-10-28 08:30:00,5.1
2025-10-28 08:45:00,9.72
2025-10-28 09:00:00,16.56
2025-10-28 09:15:00,14.7
2025-10-28 09:30:00,11.9
2025-10-28 09:45:00,11.82
2025-10-28 10:00:00,6.11
2025-10-28 10:15:00,4.57
2025-10-28 10:30:00,7.71
2025-10-28 10:45:00,9.05
2025-10-28 11:00:00,12.05
2025-10-28 11:15:00,10.9
2025-10-28 11:30:00,14.46
2025-10-28 11:45:00,2.88
2025-10-28 12:00:00,13.98
2025-10-28 12:15:00,2.24
2025-10-28 12:30:00,2.02
2025-10-28 12:45:00,9.99
2025-10-28 13:00:00,6.34
2025-10-28 13:15:00,9.96
2025-10-28 13:30:00,8.47
2025-10-28 13:45:00,10.58
2025-10-28 14:00:00,5.53
2025-10-28 14:15:00,3.56
2025-10-28 14:30:00,27.67
2025-10-28 14:45:00,7.9
2025-10-28 15:00:00,10.29
2025-10-28 15:15:00,5.89
2025-10-28 15:30:00,8.8
2025-10-28 15:45:00,20.01
2025-10-28 16:00:00,4.52
2025-10-28 16:15:00,8.16
2025-10-28 16:30:00,10.58
2025-10-28 16:45:00,6.6
2025-10-28 17:00:00,7.96
2025-10-28 17:15:00,6.41
2025-10-28 17:30:00,33.23
2025-10-28 17:45:00,19.12
2025-10-28 18:00:00,7.65
2025-10-28 18:15:00,16.28
2025-10-28 18:30:00,13.33
2025-10-28 18:45:00,16.26
2025-10-28 19:00:00,12.3
2025-10-28 19:15:00,15.37
2025-10-28 19:30:00,12.69
2025-10-28 19:45:00,12.08
2025-10-28 20:00:00,42.6
2025-10-28 20:15:00,2.56
2025-10-28 20:30:00,9.81
2025-10-28 20:45:00,7.78
2025-10-28 21:00:00,13.36
2025-10-28 21:15:00,2.57
2025-10-28 21:30:00,6.33
2025-10-28 21:45:00,8.7
2025-10-28 22:00:00,10.56
2025-10-28 22:15:00,7.86
2025-10-28 22:30:00,2.29
2025-10-28 22:45:00,7.96
2025-10-28 23:00:00,3.1
2025-10-28 23:15:00,4.55
2025-10-28 23:30:00,8.84
2025-10-28 23:45:00,12.14
2025-10-29 00:00:00,10.05
2025-10-29 00:15:00,5.3
2025-10-29 00:30:00,2.07
2025-10-29 00:45:00,5.89
2025-10-29 01:00:00,7.29
2025-10-29 01:15:00,10.36
2025-10-29 01:30:00,7.41
2025-10-29 01:45:00,3.92
2025-10-29 02:00:00,5.21
2025-10-29 02:15:00,9.35
2025-10-29 02:30:00,8.93
2025-10-29 02:45:00,7.5
2025-10-29 03:00:00,9.73
2025-10-29 03:15:00,7.74
2025-10-29 03:30:00,9.53
2025-10-29 03:45:00,4.02
2025-10-29 04:00:00,18.79
2025-10-29 04:15:00,5.31
2025-10-29 04:30:00,14.72
2025-10-29 04:45:00,9.15
2025-10-29 05:00:00,12.55
2025-10-29 05:15:00,8.61
2025-10-29 05:30:00,9.25
2025-10-29 05:45:00,20.53
2025-10-29 06:00:00,14.02
2025-10-29 06:15:00,8.88
2025-10-29 06:30:00,28.06
2025-10-29 06:45:00,3.0
2025-10-29 07:00:00,4.98
2025-10-29 07:15:00,14.78
2025-10-29 07:30:00,1.59
2025-10-29 07:45:00,9.77
2025-10-29 08:00:00,4.67
2025-10-29 08:15:00,8.84
2025-10-29 08:30:00,15.49
2025-10-29 08:45:00,5.37
2025-10-29 09:00:00,13.21
2025-10-29 09:15:00,4.31
2025-10-29 09:30:00,6.65
2025-10-29 09:45:00,12.52
2025-10-29 10:00:00,2.78
2025-10-29 10:15:00,8.26
2025-10-29 10:30:00,8.82
2025-10-29 10:45:00,6.26
2025-10-29 11:00:00,4.3
2025-10-29 11:15:00,7.44
2025-10-29 11:30:00,4.07
2025-10-29 11:45:00,11.38
2025-10-29 12:00:00,3.14
2025-10-29 12:15:00,6.34
2025-10-29 12:30:00,2.18
2025-10-29 12:45:00,9.44
2025-10-29 13:00:00,2.66
2025-10-29 13:15:00,4.03
2025-10-29 13:30:00,7.98
2025-10-29 13:45:00,11.22
2025-10-29 14:00:00,7.04
2025-10-29 14:15:00,12.57
2025-10-29 14:30:00,5.59
2025-10-29 14:45:00,20.89
2025-10-29 15:00:00,9.61
2025-10-29 15:15:00,11.96
2025-10-29 15:30:00,9.56
2025-10-29 15:45:00,19.98
2025-10-29 16:00:00,3.52
2025-10-29 16:15:00,8.57
2025-10-29 16:30:00,14.95
2025-10-29 16:45:00,5.41
2025-10-29 17:00:00,5.63
2025-10-29 17:15:00,20.4
2025-10-29 17:30:00,13.46
2025-10-29 17:45:00,17.94
2025-10-29 18:00:00,2.53
2025-10-29 18:15:00,13.14
2025-10-29 18:30:00,17.74
2025-10-29 18:45:00,17.4
2025-10-29 19:00:00,17.88
2025-10-29 19:15:00,9.98
2025-10-29 19:30:00,19.35
2025-10-29 19:45:00,7.72
2025-10-29 20:00:00,9.08
2025-10-29 20:15:00,8.63
2025-10-29 20:30:00,9.12
2025-10-29 20:45:00,22.44
2025-10-29 21:00:00,16.14
2025-10-29 21:15:00,8.83
2025-10-29 21:30:00,7.87
2025-10-29 21:45:00,7.34
2025-10-29 22:00:00,7.55
2025-10-29 22:15:00,9.37
2025-10-29 22:30:00,8.52
2025-10-29 22:45:00,5.68
2025-10-29 23:00:00,9.27
2025-10-29 23:15:00,8.1
2025-10-29 23:30:00,8.41
2025-10-29 23:45:00,3.55
2025-10-30 00:00:00,15.1
2025-10-30 00:15:00,10.01
2025-10-30 00:30:00,3.34
2025-10-30 00:45:00,12.6
2025-10-30 01:00:00,5.7
2025-10-30 01:15:00,2.89
2025-10-30 01:30:00,3.07
2025-10-30 01:45:00,1.38
2025-10-30 02:00:00,14.9
2025-10-30 02:15:00,2.79
2025-10-30 02:30:00,8.03
2025-10-30 02:45:00,3.48
2025-10-30 03:00:00,2.21
2025-10-30 03:15:00,9.48
2025-10-30 03:30:00,19.57
2025-10-30 03:45:00,4.89
2025-10-30 04:00:00,8.72
2025-10-30 04:15:00,6.31
2025-10-30 04:30:00,5.61
2025-10-30 04:45:00,6.93
2025-10-30 05:00:00,7.1
2025-10-30 05:15:00,3.61
2025-10-30 05:30:00,9.32
2025-10-30 05:45:00,4.68
2025-10-30 06:00:00,18.6
2025-10-30 06:15:00,6.5
2025-10-30 06:30:00,20.91
2025-10-30 06:45:00,9.4
2025-10-30 07:00:00,9.92
2025-10-30 07:15:00,8.82
2025-10-30 07:30:00,14.52
2025-10-30 07:45:00,9.22
2025-10-30 08:00:00,11.45
2025-10-30 08:15:00,11.39
2025-10-30 08:30:00,16.41
2025-10-30 08:45:00,14.8
2025-10-30 09:00:00,17.39
2025-10-30 09:15:00,11.1
2025-10-30 09:30:00,13.28
2025-10-30 09:45:00,24.51
2025-10-30 10:00:00,16.41
2025-10-30 10:15:00,12.7
2025-10-30 10:30:00,2.59
2025-10-30 10:45:00,3.44
2025-10-30 11:00:00,5.32
2025-10-30 11:15:00,3.99
2025-10-30 11:30:00,7.47
2025-10-30 11:45:00,8.55
2025-10-30 12:00:00,6.3
2025-10-30 12:15:00,3.36
2025-10-30 12:30:00,6.71
2025-10-30 12:45:00,8.28
2025-10-30 13:00:00,1.68
2025-10-30 13:15:00,12.08
2025-10-30 13:30:00,7.08
2025-10-30 13:45:00,10.7
2025-10-30 14:00:00,2.71
2025-10-30 14:15:00,6.23
2025-10-30 14:30:00,8.5
2025-10-30 14:45:00,1.97
2025-10-30 15:00:00,18.47
2025-10-30 15:15:00,23.65
2025-10-30 15:30:00,9.95
2025-10-30 15:45:00,7.95
2025-10-30 16:00:00,3.68
2025-10-30 16:15:00,16.24
2025-10-30 16:30:00,8.57
2025-10-30 16:45:00,2.08
2025-10-30 17:00:00,16.78
2025-10-30 17:15:00,10.64
2025-10-30 17:30:00,4.31
2025-10-30 17:45:00,10.33
2025-10-30 18:00:00,10.67
2025-10-30 18:15:00,2.86
2025-10-30 18:30:00,6.47
2025-10-30 18:45:00,15.26
2025-10-30 19:00:00,3.17
2025-10-30 19:15:00,2.64
2025-10-30 19:30:00,21.88
2025-10-30 19:45:00,10.22
2025-10-30 20:00:00,5.96
2025-10-30 20:15:00,5.25
2025-10-30 20:30:00,6.69
2025-10-30 20:45:00,2.44
2025-10-30 21:00:00,20.27
2025-10-30 21:15:00,9.08
2025-10-30 21:30:00,7.91
2025-10-30 21:45:00,10.77
2025-10-30 22:00:00,3.45
2025-10-30 22:15:00,9.4
2025-10-30 22:30:00,21.08
2025-10-30 22:45:00,20.35
2025-10-30 23:00:00,2.05
2025-10-30 23:15:00,10.32
2025-10-30 23:30:00,7.24
2025-10-30 23:45:00,13.85
2025-10-31 00:00:00,9.72
2025-10-31 00:15:00,6.1
2025-10-31 00:30:00,9.92
2025-10-31 00:45:00,4.04
2025-10-31 01:00:00,6.42
2025-10-31 01:15:00,17.66
2025-10-31 01:30:00,8.04
2025-10-31 01:45:00,4.91
2025-10-31 02:00:00,26.79
2025-10-31 02:15:00,6.32
2025-10-31 02:30:00,2.87
2025-10-31 02:45:00,2.25
2025-10-31 03:00:00,7.25
2025-10-31 03:15:00,6.68
2025-10-31 03:30:00,7.1
2025-10-31 03:45:00,4.26
2025-10-31 04:00:00,4.29
2025-10-31 04:15:00,3.23
2025-10-31 04:30:00,5.08
2025-10-31 04:45:00,4.07
2025-10-31 05:00:00,15.3
2025-10-31 05:15:00,4.88
2025-10-31 05:30:00,7.55
2025-10-31 05:45:00,8.15
2025-10-31 06:00:00,9.69
2025-10-31 06:15:00,6.11
2025-10-31 06:30:00,11.99
2025-10-31 06:45:00,8.13
2025-10-31 07:00:00,2.75
2025-10-31 07:15:00,8.0
2025-10-31 07:30:00,4.39
2025-10-31 07:45:00,5.78
2025-10-31 08:00:00,10.26
2025-10-31 08:15:00,4.46
2025-10-31 08:30:00,17.47
2025-10-31 08:45:00,12.18
2025-10-31 09:00:00,5.43
2025-10-31 09:15:00,13.81
2025-10-31 09:30:00,12.7
2025-10-31 09:45:00,16.56
2025-10-31 10:00:00,8.56
2025-10-31 10:15:00,3.29
2025-10-31 10:30:00,2.95
2025-10-31 10:45:00,8.86
2025-10-31 11:00:00,9.33
2025-10-31 11:15:00,23.4
2025-10-31 11:30:00,3.56
2025-10-31 11:45:00,9.86
2025-10-31 12:00:00,6.61
2025-10-31 12:15:00,19.37
2025-10-31 12:30:00,8.85
2025-10-31 12:45:00,10.39
2025-10-31 13:00:00,6.62
2025-10-31 13:15:00,7.83
2025-10-31 13:30:00,39.26
2025-10-31 13:45:00,9.0
2025-10-31 14:00:00,8.33
2025-10-31 14:15:00,3.57
2025-10-31 14:30:00,9.86
2025-10-31 14:45:00,12.25
2025-10-31 15:00:00,6.57
2025-10-31 15:15:00,9.65
2025-10-31 15:30:00,11.65
2025-10-31 15:45:00,1.52
2025-10-31 16:00:00,4.26
2025-10-31 16:15:00,9.71
2025-10-31 16:30:00,11.9
2025-10-31 16:45:00,9.38
2025-10-31 17:00:00,3.08
2025-10-31 17:15:00,14.97
2025-10-31 17:30:00,18.59
2025-10-31 17:45:00,5.77
2025-10-31 18:00:00,10.91
2025-10-31 18:15:00,27.33
2025-10-31 18:30:00,15.95
2025-10-31 18:45:00,10.47
2025-10-31 19:00:00,10.61
2025-10-31 19:15:00,10.44
2025-10-31 19:30:00,18.66
2025-10-31 19:45:00,5.04
2025-10-31 20:00:00,14.35
2025-10-31 20:15:00,2.95
2025-10-31 20:30:00,4.53
2025-10-31 20:45:00,2.27
2025-10-31 21:00:00,9.81
2025-10-31 21:15:00,2.12
2025-10-31 21:30:00,8.82
2025-10-31 21:45:00,9.41
2025-10-31 22:00:00,14.05
2025-10-31 22:15:00,3.08
2025-10-31 22:30:00,3.02
2025-10-31 22:45:00,7.13
2025-10-31 23:00:00,6.9
2025-10-31 23:15:00,7.39
2025-10-31 23:30:00,26.7
2025-10-31 23:45:00,11.77
2025-11-01 00:00:00,3.78
2025-11-01 00:15:00,4.09
2025-11-01 00:30:00,0.88
2025-11-01 00:45:00,16.03
2025-11-01 01:00:00,3.95
2025-11-01 01:15:00,8.05
2025-11-01 01:30:00,0.0
2025-11-01 01:45:00,15.56
2025-11-01 02:00:00,4.17
2025-11-01 02:15:00,5.47
2025-11-01 02:30:00,16.15
2025-11-01 02:45:00,1.59
2025-11-01 03:00:00,3.71
2025-11-01 03:15:00,3.72
2025-11-01 03:30:00,9.05
2025-11-01 03:45:00,10.09
2025-11-01 04:00:00,3.6
2025-11-01 04:15:00,2.12
2025-11-01 04:30:00,6.43
2025-11-01 04:45:00,0.81
2025-11-01 05:00:00,1.12
2025-11-01 05:15:00,6.3
2025-11-01 05:30:00,5.61
2025-11-01 05:45:00,7.73
2025-11-01 06:00:00,7.84
2025-11-01 06:15:00,0.0
2025-11-01 06:30:00,9.97
2025-11-01 06:45:00,8.62
2025-11-01 07:00:00,7.32
2025-11-01 07:15:00,12.81
2025-11-01 07:30:00,7.11
2025-11-01 07:45:00,5.69
2025-11-01 08:00:00,7.06
2025-11-01 08:15:00,3.2
2025-11-01 08:30:00,8.76
2025-11-01 08:45:00,12.36
2025-11-01 09:00:00,2.01
2025-11-01 09:15:00,12.72
2025-11-01 09:30:00,11.91
2025-11-01 09:45:00,7.94
2025-11-01 10:00:00,7.18
2025-11-01 10:15:00,6.1
2025-11-01 10:30:00,3.23
2025-11-01 10:45:00,14.69
2025-11-01 11:00:00,4.6
2025-11-01 11:15:00,8.84
2025-11-01 11:30:00,4.48
2025-11-01 11:45:00,0.0
2025-11-01 12:00:00,3.76
2025-11-01 12:15:00,2.64
2025-11-01 12:30:00,8.69
2025-11-01 12:45:00,12.09
2025-11-01 13:00:00,5.29
2025-11-01 13:15:00,1.86
2025-11-01 13:30:00,0.0
2025-11-01 13:45:00,20.1
2025-11-01 14:00:00,6.59
2025-11-01 14:15:00,5.05
2025-11-01 14:30:00,10.71
2025-11-01 14:45:00,0.0
2025-11-01 15:00:00,14.58
2025-11-01 15:15:00,0.0
2025-11-01 15:30:00,15.67
2025-11-01 15:45:00,2.06
2025-11-01 16:00:00,3.6
2025-11-01 16:15:00,6.25
2025-11-01 16:30:00,6.35
2025-11-01 16:45:00,11.0
2025-11-01 17:00:00,20.74
2025-11-01 17:15:00,2.24
2025-11-01 17:30:00,12.23
2025-11-01 17:45:00,11.11
2025-11-01 18:00:00,18.78
2025-11-01 18:15:00,16.11
2025-11-01 18:30:00,6.08
2025-11-01 18:45:00,9.87
2025-11-01 19:00:00,2.54
2025-11-01 19:15:00,0.0
2025-11-01 19:30:00,26.38
2025-11-01 19:45:00,7.56
2025-11-01 20:00:00,0.0
2025-11-01 20:15:00,5.16
2025-11-01 20:30:00,0.0
2025-11-01 20:45:00,13.59
2025-11-01 21:00:00,0.0
2025-11-01 21:15:00,7.12
2025-11-01 21:30:00,21.15
2025-11-01 21:45:00,2.73
2025-11-01 22:00:00,0.0
2025-11-01 22:15:00,4.02
2025-11-01 22:30:00,8.73
2025-11-01 22:45:00,6.78
2025-11-01 23:00:00,0.0
2025-11-01 23:15:00,11.7
2025-11-01 23:30:00,0.0
2025-11-01 23:45:00,5.28
2025-11-02 00:00:00,1.3
2025-11-02 00:15:00,0.0
2025-11-02 00:30:00,1.15
2025-11-02 00:45:00,25.34
2025-11-02 01:00:00,13.07
2025-11-02 01:15:00,3.16
2025-11-02 01:30:00,0.16
2025-11-02 01:45:00,4.87
2025-11-02 02:00:00,2.56
2025-11-02 02:15:00,0.0
2025-11-02 02:30:00,0.66
2025-11-02 02:45:00,5.23
2025-11-02 03:00:00,21.62
2025-11-02 03:15:00,3.15
2025-11-02 03:30:00,0.0
2025-11-02 03:45:00,3.8
2025-11-02 04:00:00,3.66
2025-11-02 04:15:00,1.21
2025-11-02 04:30:00,8.77
2025-11-02 04:45:00,2.24
2025-11-02 05:00:00,0.18
2025-11-02 05:15:00,5.21
2025-11-02 05:30:00,5.19
2025-11-02 05:45:00,13.71
2025-11-02 06:00:00,2.39
2025-11-02 06:15:00,0.84
2025-11-02 06:30:00,2.91
2025-11-02 06:45:00,6.97
2025-11-02 07:00:00,6.09
2025-11-02 07:15:00,5.73
2025-11-02 07:30:00,18.32
2025-11-02 07:45:00,9.02
2025-11-02 08:00:00,13.67
2025-11-02 08:15:00,6.64
2025-11-02 08:30:00,11.8
2025-11-02 08:45:00,7.35
2025-11-02 09:00:00,0.37
2025-11-02 09:15:00,16.88
2025-11-02 09:30:00,11.64
2025-11-02 09:45:00,6.8
2025-11-02 10:00:00,4.09
2025-11-02 10:15:00,7.49
2025-11-02 10:30:00,6.89
2025-11-02 10:45:00,5.83
2025-11-02 11:00:00,8.4
2025-11-02 11:15:00,7.56
2025-11-02 11:30:00,0.56
2025-11-02 11:45:00,6.47
2025-11-02 12:00:00,4.32
2025-11-02 12:15:00,0.0
2025-11-02 12:30:00,4.49
2025-11-02 12:45:00,7.35
2025-11-02 13:00:00,7.36
2025-11-02 13:15:00,3.18
2025-11-02 13:30:00,4.26
2025-11-02 13:45:00,9.58
2025-11-02 14:00:00,2.95
2025-11-02 14:15:00,9.7
2025-11-02 14:30:00,20.29
2025-11-02 14:45:00,3.65
2025-11-02 15:00:00,5.63
2025-11-02 15:15:00,4.24
2025-11-02 15:30:00,3.72
2025-11-02 15:45:00,11.9
2025-11-02 16:00:00,3.94
2025-11-02 16:15:00,7.96
2025-11-02 16:30:00,5.79
2025-11-02 16:45:00,4.26
2025-11-02 17:00:00,8.15
2025-11-02 17:15:00,6.81
2025-11-02 17:30:00,26.51
2025-11-02 17:45:00,16.39
2025-11-02 18:00:00,18.23
2025-11-02 18:15:00,12.29
2025-11-02 18:30:00,0.0
2025-11-02 18:45:00,14.77
2025-11-02 19:00:00,0.34
2025-11-02 19:15:00,1.15
2025-11-02 19:30:00,8.97
2025-11-02 19:45:00,0.46
2025-11-02 20:00:00,11.76
2025-11-02 20:15:00,2.9
2025-11-02 20:30:00,9.87
2025-11-02 20:45:00,2.89
2025-11-02 21:00:00,13.57
2025-11-02 21:15:00,11.28
2025-11-02 21:30:00,7.05
2025-11-02 21:45:00,6.02
2025-11-02 22:00:00,2.66
2025-11-02 22:15:00,36.72
2025-11-02 22:30:00,18.35
2025-11-02 22:45:00,7.1
2025-11-02 23:00:00,2.2
2025-11-02 23:15:00,8.09
2025-11-02 23:30:00,2.01
2025-11-02 23:45:00,3.85
2025-11-03 00:00:00,10.43
2025-11-03 00:15:00,4.56
2025-11-03 00:30:00,16.56
2025-11-03 00:45:00,10.78
2025-11-03 01:00:00,9.27
2025-11-03 01:15:00,3.2
2025-11-03 01:30:00,2.5
2025-11-03 01:45:00,6.25
2025-11-03 02:00:00,11.68
2025-11-03 02:15:00,8.76
2025-11-03 02:30:00,7.45
2025-11-03 02:45:00,23.22
2025-11-03 03:00:00,16.94
2025-11-03 03:15:00,9.85
2025-11-03 03:30:00,9.94
2025-11-03 03:45:00,10.9
2025-11-03 04:00:00,6.07
2025-11-03 04:15:00,8.31
2025-11-03 04:30:00,4.49
2025-11-03 04:45:00,29.95
2025-11-03 05:00:00,3.11
2025-11-03 05:15:00,1.11
2025-11-03 05:30:00,9.61
2025-11-03 05:45:00,8.78
2025-11-03 06:00:00,6.81
2025-11-03 06:15:00,15.09
2025-11-03 06:30:00,23.47
2025-11-03 06:45:00,8.1
2025-11-03 07:00:00,28.92
2025-11-03 07:15:00,9.38
2025-11-03 07:30:00,6.94
2025-11-03 07:45:00,8.75
2025-11-03 08:00:00,14.14
2025-11-03 08:15:00,3.2
2025-11-03 08:30:00,9.92
2025-11-03 08:45:00,5.37
2025-11-03 09:00:00,19.2
2025-11-03 09:15:00,14.46
2025-11-03 09:30:00,21.05
2025-11-03 09:45:00,16.49
2025-11-03 10:00:00,5.56
2025-11-03 10:15:00,9.68
2025-11-03 10:30:00,3.77
2025-11-03 10:45:00,13.85
2025-11-03 11:00:00,8.54
2025-11-03 11:15:00,18.86
2025-11-03 11:30:00,6.47
2025-11-03 11:45:00,4.54
2025-11-03 12:00:00,7.72
2025-11-03 12:15:00,6.93
2025-11-03 12:30:00,9.99
2025-11-03 12:45:00,8.46
2025-11-03 13:00:00,9.7
2025-11-03 13:15:00,6.41
2025-11-03 13:30:00,9.66
2025-11-03 13:45:00,7.07
2025-11-03 14:00:00,13.99
2025-11-03 14:15:00,7.93
2025-11-03 14:30:00,8.75
2025-11-03 14:45:00,21.93
2025-11-03 15:00:00,8.21
2025-11-03 15:15:00,9.02
2025-11-03 15:30:00,9.94
2025-11-03 15:45:00,7.79
2025-11-03 16:00:00,6.98
2025-11-03 16:15:00,8.9
2025-11-03 16:30:00,8.38
2025-11-03 16:45:00,24.24
2025-11-03 17:00:00,5.5
2025-11-03 17:15:00,15.58
2025-11-03 17:30:00,16.38
2025-11-03 17:45:00,15.28
2025-11-03 18:00:00,18.04
2025-11-03 18:15:00,11.88
2025-11-03 18:30:00,6.62
2025-11-03 18:45:00,11.45
2025-11-03 19:00:00,8.72
2025-11-03 19:15:00,4.56
2025-11-03 19:30:00,8.38
2025-11-03 19:45:00,13.44
2025-11-03 20:00:00,9.17
2025-11-03 20:15:00,3.14
2025-11-03 20:30:00,6.97
2025-11-03 20:45:00,21.9
2025-11-03 21:00:00,3.68
2025-11-03 21:15:00,3.64
2025-11-03 21:30:00,14.79
2025-11-03 21:45:00,2.01
2025-11-03 22:00:00,6.38
2025-11-03 22:15:00,2.43
2025-11-03 22:30:00,3.36
2025-11-03 22:45:00,7.74
2025-11-03 23:00:00,8.59
2025-11-03 23:15:00,5.99
2025-11-03 23:30:00,9.12
2025-11-03 23:45:00,14.0
2025-11-04 00:00:00,25.36
2025-11-04 00:15:00,5.23
2025-11-04 00:30:00,4.96
2025-11-04 00:45:00,26.81
2025-11-04 01:00:00,9.58
2025-11-04 01:15:00,5.47
2025-11-04 01:30:00,2.08
2025-11-04 01:45:00,6.72
2025-11-04 02:00:00,13.8
2025-11-04 02:15:00,5.15
2025-11-04 02:30:00,18.06
2025-11-04 02:45:00,3.96
2025-11-04 03:00:00,9.6
2025-11-04 03:15:00,7.84
2025-11-04 03:30:00,5.12
2025-11-04 03:45:00,5.74
2025-11-04 04:00:00,2.44
2025-11-04 04:15:00,8.2
2025-11-04 04:30:00,13.35
2025-11-04 04:45:00,12.25
2025-11-04 05:00:00,7.08
2025-11-04 05:15:00,2.31
2025-11-04 05:30:00,13.5
2025-11-04 05:45:00,1.77
2025-11-04 06:00:00,22.59
2025-11-04 06:15:00,7.35
2025-11-04 06:30:00,13.16
2025-11-04 06:45:00,12.87
2025-11-04 07:00:00,5.53
2025-11-04 07:15:00,3.02
2025-11-04 07:30:00,3.67
2025-11-04 07:45:00,8.54
2025-11-04 08:00:00,5.18
2025-11-04 08:15:00,6.39
2025-11-04 08:30:00,30.16
2025-11-04 08:45:00,11.18
2025-11-04 09:00:00,14.68
2025-11-04 09:15:00,9.92
2025-11-04 09:30:00,5.5
2025-11-04 09:45:00,16.44
2025-11-04 10:00:00,24.24
2025-11-04 10:15:00,9.77
2025-11-04 10:30:00,20.13
2025-11-04 10:45:00,7.34
2025-11-04 11:00:00,5.6
2025-11-04 11:15:00,0.95
2025-11-04 11:30:00,2.05
2025-11-04 11:45:00,1.46
2025-11-04 12:00:00,3.24
2025-11-04 12:15:00,7.67
2025-11-04 12:30:00,12.3
2025-11-04 12:45:00,2.91
2025-11-04 13:00:00,9.26
2025-11-04 13:15:00,5.12
2025-11-04 13:30:00,6.0
2025-11-04 13:45:00,11.32
2025-11-04 14:00:00,2.63
2025-11-04 14:15:00,19.01
2025-11-04 14:30:00,6.72
2025-11-04 14:45:00,8.59
2025-11-04 15:00:00,3.04
2025-11-04 15:15:00,7.8
2025-11-04 15:30:00,10.63
2025-11-04 15:45:00,9.11
2025-11-04 16:00:00,9.78
2025-11-04 16:15:00,8.28
2025-11-04 16:30:00,9.85
2025-11-04 16:45:00,2.52
2025-11-04 17:00:00,11.38
2025-11-04 17:15:00,3.51
2025-11-04 17:30:00,7.02
2025-11-04 17:45:00,6.52
2025-11-04 18:00:00,15.23
2025-11-04 18:15:00,20.27
2025-11-04 18:30:00,14.3
2025-11-04 18:45:00,4.39
2025-11-04 19:00:00,1.6
2025-11-04 19:15:00,14.56
2025-11-04 19:30:00,11.87
2025-11-04 19:45:00,13.23
2025-11-04 20:00:00,3.44
2025-11-04 20:15:00,3.65
2025-11-04 20:30:00,10.95
2025-11-04 20:45:00,16.23
2025-11-04 21:00:00,2.83
2025-11-04 21:15:00,5.81
2025-11-04 21:30:00,8.0
2025-11-04 21:45:00,14.8
2025-11-04 22:00:00,7.45
2025-11-04 22:15:00,7.5
2025-11-04 22:30:00,8.23
2025-11-04 22:45:00,8.23
2025-11-04 23:00:00,10.94
2025-11-04 23:15:00,5.02
2025-11-04 23:30:00,4.47
2025-11-04 23:45:00,5.5
2025-11-05 00:00:00,2.98
2025-11-05 00:15:00,1.5
2025-11-05 00:30:00,7.46
2025-11-05 00:45:00,2.77
2025-11-05 01:00:00,10.71
2025-11-05 01:15:00,9.73
2025-11-05 01:30:00,7.76
2025-11-05 01:45:00,2.12
2025-11-05 02:00:00,5.95
2025-11-05 02:15:00,2.29
2025-11-05 02:30:00,5.3
2025-11-05 02:45:00,20.91
2025-11-05 03:00:00,2.89
2025-11-05 03:15:00,5.68
2025-11-05 03:30:00,5.17
2025-11-05 03:45:00,6.11
2025-11-05 04:00:00,13.0
2025-11-05 04:15:00,2.91
2025-11-05 04:30:00,9.68
2025-11-05 04:45:00,3.23
2025-11-05 05:00:00,7.41
2025-11-05 05:15:00,6.07
2025-11-05 05:30:00,15.96
2025-11-05 05:45:00,9.28
2025-11-05 06:00:00,2.54
2025-11-05 06:15:00,9.78
2025-11-05 06:30:00,19.56
2025-11-05 06:45:00,3.13
2025-11-05 07:00:00,9.74
2025-11-05 07:15:00,6.81
2025-11-05 07:30:00,18.47
2025-11-05 07:45:00,8.81
2025-11-05 08:00:00,12.07
2025-11-05 08:15:00,10.52
2025-11-05 08:30:00,9.35
2025-11-05 08:45:00,13.33
2025-11-05 09:00:00,1.93
2025-11-05 09:15:00,22.01
2025-11-05 09:30:00,8.88
2025-11-05 09:45:00,9.35
2025-11-05 10:00:00,15.21
2025-11-05 10:15:00,2.65
2025-11-05 10:30:00,7.43
2025-11-05 10:45:00,10.66
2025-11-05 11:00:00,13.39
2025-11-05 11:15:00,6.37
2025-11-05 11:30:00,26.05
2025-11-05 11:45:00,7.48
2025-11-05 12:00:00,2.42
2025-11-05 12:15:00,2.87
2025-11-05 12:30:00,6.12
2025-11-05 12:45:00,7.81
2025-11-05 13:00:00,14.45
2025-11-05 13:15:00,9.04
2025-11-05 13:30:00,6.79
2025-11-05 13:45:00,8.52
2025-11-05 14:00:00,9.57
2025-11-05 14:15:00,6.26
2025-11-05 14:30:00,10.04
2025-11-05 14:45:00,9.68
2025-11-05 15:00:00,11.3
2025-11-05 15:15:00,17.65
2025-11-05 15:30:00,14.98
2025-11-05 15:45:00,8.62
2025-11-05 16:00:00,5.31
2025-11-05 16:15:00,12.75
2025-11-05 16:30:00,18.93
2025-11-05 16:45:00,21.39
2025-11-05 17:00:00,9.93
2025-11-05 17:15:00,13.84
2025-11-05 17:30:00,18.04
2025-11-05 17:45:00,14.83
2025-11-05 18:00:00,13.18
2025-11-05 18:15:00,12.64
2025-11-05 18:30:00,22.08
2025-11-05 18:45:00,10.29
2025-11-05 19:00:00,13.76
2025-11-05 19:15:00,10.19
2025-11-05 19:30:00,18.47
2025-11-05 19:45:00,6.97
2025-11-05 20:00:00,15.19
2025-11-05 20:15:00,28.28
2025-11-05 20:30:00,11.38
2025-11-05 20:45:00,9.05
2025-11-05 21:00:00,7.47
2025-11-05 21:15:00,4.99
2025-11-05 21:30:00,15.14
2025-11-05 21:45:00,8.34
2025-11-05 22:00:00,7.34
2025-11-05 22:15:00,21.2
2025-11-05 22:30:00,12.55
2025-11-05 22:45:00,10.35
2025-11-05 23:00:00,20.37
2025-11-05 23:15:00,2.59
2025-11-05 23:30:00,4.44
2025-11-05 23:45:00,14.45
2025-11-06 00:00:00,5.71
2025-11-06 00:15:00,13.41
2025-11-06 00:30:00,8.7
2025-11-06 00:45:00,11.86
2025-11-06 01:00:00,4.15
2025-11-06 01:15:00,3.98
2025-11-06 01:30:00,15.36
2025-11-06 01:45:00,15.21
2025-11-06 02:00:00,2.87
2025-11-06 02:15:00,7.33
2025-11-06 02:30:00,5.93
2025-11-06 02:45:00,5.94
2025-11-06 03:00:00,4.95
2025-11-06 03:15:00,3.01
2025-11-06 03:30:00,5.28
2025-11-06 03:45:00,9.28
2025-11-06 04:00:00,7.37
2025-11-06 04:15:00,6.38
2025-11-06 04:30:00,2.47
2025-11-06 04:45:00,6.59
2025-11-06 05:00:00,9.18
2025-11-06 05:15:00,10.1
2025-11-06 05:30:00,10.36
2025-11-06 05:45:00,8.23
2025-11-06 06:00:00,7.9
2025-11-06 06:15:00,2.99
2025-11-06 06:30:00,9.6
2025-11-06 06:45:00,7.88
2025-11-06 07:00:00,36.27
2025-11-06 07:15:00,7.73
2025-11-06 07:30:00,10.29
2025-11-06 07:45:00,10.97
2025-11-06 08:00:00,10.82
2025-11-06 08:15:00,10.1
2025-11-06 08:30:00,2.14
2025-11-06 08:45:00,4.31
2025-11-06 09:00:00,24.1
2025-11-06 09:15:00,22.22
2025-11-06 09:30:00,10.56
2025-11-06 09:45:00,13.54
2025-11-06 10:00:00,9.0
2025-11-06 10:15:00,6.95
2025-11-06 10:30:00,8.41
2025-11-06 10:45:00,10.8
2025-11-06 11:00:00,5.0
2025-11-06 11:15:00,10.47
2025-11-06 11:30:00,18.3
2025-11-06 11:45:00,8.96
2025-11-06 12:00:00,11.29
2025-11-06 12:15:00,2.4
2025-11-06 12:30:00,9.63
2025-11-06 12:45:00,11.06
2025-11-06 13:00:00,1.88
2025-11-06 13:15:00,7.41
2025-11-06 13:30:00,14.22
2025-11-06 13:45:00,11.07
2025-11-06 14:00:00,3.79
2025-11-06 14:15:00,11.37
2025-11-06 14:30:00,17.18
2025-11-06 14:45:00,17.99
2025-11-06 15:00:00,8.8
2025-11-06 15:15:00,8.68
2025-11-06 15:30:00,3.37
2025-11-06 15:45:00,9.48
2025-11-06 16:00:00,3.16
2025-11-06 16:15:00,4.06
2025-11-06 16:30:00,6.4
2025-11-06 16:45:00,12.92
2025-11-06 17:00:00,24.86
2025-11-06 17:15:00,9.7
2025-11-06 17:30:00,9.49
2025-11-06 17:45:00,19.8
2025-11-06 18:00:00,14.04
2025-11-06 18:15:00,4.38
2025-11-06 18:30:00,14.96
2025-11-06 18:45:00,17.41
2025-11-06 19:00:00,19.74
2025-11-06 19:15:00,17.75
2025-11-06 19:30:00,9.25
2025-11-06 19:45:00,9.37
2025-11-06 20:00:00,9.45
2025-11-06 20:15:00,8.65
2025-11-06 20:30:00,18.42
2025-11-06 20:45:00,10.87
2025-11-06 21:00:00,12.89
2025-11-06 21:15:00,2.11
2025-11-06 21:30:00,5.96
2025-11-06 21:45:00,2.56
2025-11-06 22:00:00,7.44
2025-11-06 22:15:00,5.55
2025-11-06 22:30:00,8.06
2025-11-06 22:45:00,12.54
2025-11-06 23:00:00,7.23
2025-11-06 23:15:00,3.17
2025-11-06 23:30:00,6.71
2025-11-06 23:45:00,22.68
2025-11-07 00:00:00,4.15
2025-11-07 00:15:00,11.0
2025-11-07 00:30:00,7.01
2025-11-07 00:45:00,5.75
2025-11-07 01:00:00,18.36
2025-11-07 01:15:00,20.93
2025-11-07 01:30:00,6.68
2025-11-07 01:45:00,5.24
2025-11-07 02:00:00,9.62
2025-11-07 02:15:00,8.03
2025-11-07 02:30:00,13.42
2025-11-07 02:45:00,4.69
2025-11-07 03:00:00,25.03
2025-11-07 03:15:00,19.23
2025-11-07 03:30:00,10.48
2025-11-07 03:45:00,3.67
2025-11-07 04:00:00,2.84
2025-11-07 04:15:00,5.73
2025-11-07 04:30:00,4.27
2025-11-07 04:45:00,20.61
2025-11-07 05:00:00,4.9
2025-11-07 05:15:00,12.92
2025-11-07 05:30:00,11.31
2025-11-07 05:45:00,14.17
2025-11-07 06:00:00,2.41
2025-11-07 06:15:00,17.72
2025-11-07 06:30:00,6.77
2025-11-07 06:45:00,7.74
2025-11-07 07:00:00,19.13
2025-11-07 07:15:00,13.31
2025-11-07 07:30:00,27.6
2025-11-07 07:45:00,8.32
2025-11-07 08:00:00,8.63
2025-11-07 08:15:00,42.62
2025-11-07 08:30:00,13.67
2025-11-07 08:45:00,16.02
2025-11-07 09:00:00,16.19
2025-11-07 09:15:00,18.03
2025-11-07 09:30:00,18.12
2025-11-07 09:45:00,12.32
2025-11-07 10:00:00,5.8
2025-11-07 10:15:00,4.05
2025-11-07 10:30:00,8.91
2025-11-07 10:45:00,2.89
2025-11-07 11:00:00,6.72
2025-11-07 11:15:00,10.43
2025-11-07 11:30:00,10.97
2025-11-07 11:45:00,18.41
2025-11-07 12:00:00,6.94
2025-11-07 12:15:00,15.23
2025-11-07 12:30:00,8.99
2025-11-07 12:45:00,9.21
2025-11-07 13:00:00,8.8
2025-11-07 13:15:00,5.89
2025-11-07 13:30:00,7.81
2025-11-07 13:45:00,22.09
2025-11-07 14:00:00,12.71
2025-11-07 14:15:00,9.2
2025-11-07 14:30:00,9.27
2025-11-07 14:45:00,23.21
2025-11-07 15:00:00,5.39
2025-11-07 15:15:00,9.35
2025-11-07 15:30:00,7.8
2025-11-07 15:45:00,3.44
2025-11-07 16:00:00,16.18
2025-11-07 16:15:00,2.92
2025-11-07 16:30:00,9.12
2025-11-07 16:45:00,3.43
2025-11-07 17:00:00,11.88
2025-11-07 17:15:00,12.28
2025-11-07 17:30:00,13.41
2025-11-07 17:45:00,8.89
2025-11-07 18:00:00,4.92
2025-11-07 18:15:00,11.59
2025-11-07 18:30:00,14.07
2025-11-07 18:45:00,13.48
2025-11-07 19:00:00,2.99
2025-11-07 19:15:00,7.42
2025-11-07 19:30:00,8.03
2025-11-07 19:45:00,2.98
2025-11-07 20:00:00,19.82
2025-11-07 20:15:00,9.76
2025-11-07 20:30:00,8.41
2025-11-07 20:45:00,5.98
2025-11-07 21:00:00,20.26
2025-11-07 21:15:00,11.25
2025-11-07 21:30:00,3.54
2025-11-07 21:45:00,3.55
2025-11-07 22:00:00,16.82
2025-11-07 22:15:00,8.86
2025-11-07 22:30:00,4.96
2025-11-07 22:45:00,9.9
2025-11-07 23:00:00,4.26
2025-11-07 23:15:00,11.65
2025-11-07 23:30:00,19.31
2025-11-07 23:45:00,3.3
2025-11-08 00:00:00,4.4
2025-11-08 00:15:00,8.17
2025-11-08 00:30:00,7.74
2025-11-08 00:45:00,4.29
2025-11-08 01:00:00,17.25
2025-11-08 01:15:00,0.0
2025-11-08 01:30:00,2.0
2025-11-08 01:45:00,13.86
2025-11-08 02:00:00,8.05
2025-11-08 02:15:00,0.0
2025-11-08 02:30:00,2.15
2025-11-08 02:45:00,1.88
2025-11-08 03:00:00,2.04
2025-11-08 03:15:00,0.19
2025-11-08 03:30:00,3.57
2025-11-08 03:45:00,4.09
2025-11-08 04:00:00,9.57
2025-11-08 04:15:00,22.01
2025-11-08 04:30:00,4.45
2025-11-08 04:45:00,0.75
2025-11-08 05:00:00,3.1
2025-11-08 05:15:00,4.92
2025-11-08 05:30:00,10.47
2025-11-08 05:45:00,0.75
2025-11-08 06:00:00,16.52
2025-11-08 06:15:00,6.38
2025-11-08 06:30:00,9.92
2025-11-08 06:45:00,9.14
2025-11-08 07:00:00,2.56
2025-11-08 07:15:00,0.0
2025-11-08 07:30:00,0.3
2025-11-08 07:45:00,3.12
2025-11-08 08:00:00,14.57
2025-11-08 08:15:00,2.85
2025-11-08 08:30:00,10.95
2025-11-08 08:45:00,9.13
2025-11-08 09:00:00,11.92
2025-11-08 09:15:00,6.09
2025-11-08 09:30:00,0.55
2025-11-08 09:45:00,8.32
2025-11-08 10:00:00,5.67
2025-11-08 10:15:00,4.12
2025-11-08 10:30:00,10.42
2025-11-08 10:45:00,1.11
2025-11-08 11:00:00,15.51
2025-11-08 11:15:00,19.38
2025-11-08 11:30:00,1.72
2025-11-08 11:45:00,8.58
2025-11-08 12:00:00,5.45
2025-11-08 12:15:00,6.67
2025-11-08 12:30:00,6.57
2025-11-08 12:45:00,6.54
2025-11-08 13:00:00,0.74
2025-11-08 13:15:00,5.36
2025-11-08 13:30:00,17.34
2025-11-08 13:45:00,5.86
2025-11-08 14:00:00,2.8
2025-11-08 14:15:00,5.91
2025-11-08 14:30:00,3.73
2025-11-08 14:45:00,5.83
2025-11-08 15:00:00,7.27
2025-11-08 15:15:00,9.37
2025-11-08 15:30:00,5.33
2025-11-08 15:45:00,8.85
2025-11-08 16:00:00,8.09
2025-11-08 16:15:00,5.2
2025-11-08 16:30:00,0.0
2025-11-08 16:45:00,14.21
2025-11-08 17:00:00,3.69
2025-11-08 17:15:00,17.76
2025-11-08 17:30:00,17.52
2025-11-08 17:45:00,3.47
2025-11-08 18:00:00,9.61
2025-11-08 18:15:00,0.0
2025-11-08 18:30:00,23.67
2025-11-08 18:45:00,16.72
2025-11-08 19:00:00,1.12
2025-11-08 19:15:00,20.81
2025-11-08 19:30:00,13.09
2025-11-08 19:45:00,14.64
2025-11-08 20:00:00,0.0
2025-11-08 20:15:00,10.96
2025-11-08 20:30:00,2.53
2025-11-08 20:45:00,11.72
2025-11-08 21:00:00,7.38
2025-11-08 21:15:00,11.86
2025-11-08 21:30:00,6.44
2025-11-08 21:45:00,6.34
2025-11-08 22:00:00,5.96
2025-11-08 22:15:00,15.08
2025-11-08 22:30:00,4.25
2025-11-08 22:45:00,0.0
2025-11-08 23:00:00,12.56
2025-11-08 23:15:00,0.0
2025-11-08 23:30:00,0.0
2025-11-08 23:45:00,2.29
2025-11-09 00:00:00,1.99
2025-11-09 00:15:00,2.42
2025-11-09 00:30:00,7.83
2025-11-09 00:45:00,1.65
2025-11-09 01:00:00,2.95
2025-11-09 01:15:00,3.17
2025-11-09 01:30:00,2.14
2025-11-09 01:45:00,15.42
2025-11-09 02:00:00,0.03
2025-11-09 02:15:00,4.44
2025-11-09 02:30:00,1.53
2025-11-09 02:45:00,14.9
2025-11-09 03:00:00,2.45
2025-11-09 03:15:00,2.42
2025-11-09 03:30:00,0.19
2025-11-09 03:45:00,3.29
2025-11-09 04:00:00,0.6
2025-11-09 04:15:00,7.71
2025-11-09 04:30:00,0.59
2025-11-09 04:45:00,0.0
2025-11-09 05:00:00,5.8
2025-11-09 05:15:00,3.96
2025-11-09 05:30:00,5.91
2025-11-09 05:45:00,13.91
2025-11-09 06:00:00,15.02
2025-11-09 06:15:00,5.33
2025-11-09 06:30:00,9.01
2025-11-09 06:45:00,4.72
2025-11-09 07:00:00,7.38
2025-11-09 07:15:00,0.0
2025-11-09 07:30:00,1.06
2025-11-09 07:45:00,6.45
2025-11-09 08:00:00,11.24
2025-11-09 08:15:00,13.66
2025-11-09 08:30:00,7.72
2025-11-09 08:45:00,13.5
2025-11-09 09:00:00,5.93
2025-11-09 09:15:00,3.76
2025-11-09 09:30:00,12.84
2025-11-09 09:45:00,15.7
2025-11-09 10:00:00,4.88
2025-11-09 10:15:00,6.32
2025-11-09 10:30:00,0.0
2025-11-09 10:45:00,7.55
2025-11-09 11:00:00,10.87
2025-11-09 11:15:00,5.12
2025-11-09 11:30:00,4.04
2025-11-09 11:45:00,3.78
2025-11-09 12:00:00,0.34
2025-11-09 12:15:00,0.01
2025-11-09 12:30:00,4.72
2025-11-09 12:45:00,11.35
2025-11-09 13:00:00,0.88
2025-11-09 13:15:00,0.0
2025-11-09 13:30:00,6.65
2025-11-09 13:45:00,6.44
2025-11-09 14:00:00,6.85
2025-11-09 14:15:00,7.08
2025-11-09 14:30:00,7.76
2025-11-09 14:45:00,4.6
2025-11-09 15:00:00,4.77
2025-11-09 15:15:00,4.62
2025-11-09 15:30:00,8.34
2025-11-09 15:45:00,16.84
2025-11-09 16:00:00,1.29
2025-11-09 16:15:00,12.78
2025-11-09 16:30:00,1.31
2025-11-09 16:45:00,6.98
2025-11-09 17:00:00,12.76
2025-11-09 17:15:00,15.14
2025-11-09 17:30:00,0.95
2025-11-09 17:45:00,7.85
2025-11-09 18:00:00,17.01
2025-11-09 18:15:00,6.98
2025-11-09 18:30:00,18.59
2025-11-09 18:45:00,9.46
2025-11-09 19:00:00,6.14
2025-11-09 19:15:00,10.55
2025-11-09 19:30:00,4.46
2025-11-09 19:45:00,5.82
2025-11-09 20:00:00,4.7
2025-11-09 20:15:00,4.77
2025-11-09 20:30:00,15.37
2025-11-09 20:45:00,6.45
2025-11-09 21:00:00,2.95
2025-11-09 21:15:00,6.47
2025-11-09 21:30:00,7.86
2025-11-09 21:45:00,6.06
2025-11-09 22:00:00,5.33
2025-11-09 22:15:00,21.3
2025-11-09 22:30:00,13.61
2025-11-09 22:45:00,5.28
2025-11-09 23:00:00,8.36
2025-11-09 23:15:00,5.25
2025-11-09 23:30:00,0.87
2025-11-09 23:45:00,5.75
2025-11-10 00:00:00,6.57
2025-11-10 00:15:00,6.76
2025-11-10 00:30:00,1.7
2025-11-10 00:45:00,5.71
2025-11-10 01:00:00,2.04
2025-11-10 01:15:00,17.0
2025-11-10 01:30:00,17.61
2025-11-10 01:45:00,5.11
2025-11-10 02:00:00,23.16
2025-11-10 02:15:00,6.58
2025-11-10 02:30:00,6.23
2025-11-10 02:45:00,9.87
2025-11-10 03:00:00,8.01
2025-11-10 03:15:00,11.1
2025-11-10 03:30:00,8.9
2025-11-10 03:45:00,4.85
2025-11-10 04:00:00,18.6
2025-11-10 04:15:00,12.05
2025-11-10 04:30:00,17.44
2025-11-10 04:45:00,5.69
2025-11-10 05:00:00,15.31
2025-11-10 05:15:00,27.52
2025-11-10 05:30:00,9.39
2025-11-10 05:45:00,22.08
2025-11-10 06:00:00,6.11
2025-11-10 06:15:00,6.97
2025-11-10 06:30:00,2.82
2025-11-10 06:45:00,9.17
2025-11-10 07:00:00,3.84
2025-11-10 07:15:00,18.29
2025-11-10 07:30:00,8.31
2025-11-10 07:45:00,3.2
2025-11-10 08:00:00,13.61
2025-11-10 08:15:00,16.65
2025-11-10 08:30:00,4.87
2025-11-10 08:45:00,12.61
2025-11-10 09:00:00,10.94
2025-11-10 09:15:00,9.57
2025-11-10 09:30:00,5.66
2025-11-10 09:45:00,15.78
2025-11-10 10:00:00,17.64
2025-11-10 10:15:00,9.27
2025-11-10 10:30:00,2.52
2025-11-10 10:45:00,9.76
2025-11-10 11:00:00,11.85
2025-11-10 11:15:00,15.53
2025-11-10 11:30:00,6.47
2025-11-10 11:45:00,9.46
2025-11-10 12:00:00,10.98
2025-11-10 12:15:00,10.09
2025-11-10 12:30:00,7.88
2025-11-10 12:45:00,4.05
2025-11-10 13:00:00,18.16
2025-11-10 13:15:00,12.4
2025-11-10 13:30:00,7.61
2025-11-10 13:45:00,12.14
2025-11-10 14:00:00,8.13
2025-11-10 14:15:00,10.39
2025-11-10 14:30:00,4.15
2025-11-10 14:45:00,7.65
2025-11-10 15:00:00,9.25
2025-11-10 15:15:00,9.78
2025-11-10 15:30:00,13.75
2025-11-10 15:45:00,8.73
2025-11-10 16:00:00,7.5
2025-11-10 16:15:00,9.5
2025-11-10 16:30:00,7.58
2025-11-10 16:45:00,9.19
2025-11-10 17:00:00,20.99
2025-11-10 17:15:00,5.92
2025-11-10 17:30:00,14.39
2025-11-10 17:45:00,3.16
2025-11-10 18:00:00,19.05
2025-11-10 18:15:00,15.0
2025-11-10 18:30:00,17.66
2025-11-10 18:45:00,15.44
2025-11-10 19:00:00,35.97
2025-11-10 19:15:00,16.88
2025-11-10 19:30:00,8.64
2025-11-10 19:45:00,9.43
2025-11-10 20:00:00,9.95
2025-11-10 20:15:00,10.55
2025-11-10 20:30:00,3.23
2025-11-10 20:45:00,5.37
2025-11-10 21:00:00,3.91
2025-11-10 21:15:00,10.05
2025-11-10 21:30:00,8.62
2025-11-10 21:45:00,9.67
2025-11-10 22:00:00,2.87
2025-11-10 22:15:00,13.93
2025-11-10 22:30:00,8.16
2025-11-10 22:45:00,8.5
2025-11-10 23:00:00,18.61
2025-11-10 23:15:00,13.31
2025-11-10 23:30:00,10.63
2025-11-10 23:45:00,7.53
2025-11-11 00:00:00,7.11
2025-11-11 00:15:00,6.27
2025-11-11 00:30:00,7.04
2025-11-11 00:45:00,7.06
2025-11-11 01:00:00,5.78
2025-11-11 01:15:00,5.74
2025-11-11 01:30:00,7.28
2025-11-11 01:45:00,10.19
2025-11-11 02:00:00,2.21
2025-11-11 02:15:00,6.35
2025-11-11 02:30:00,6.89
2025-11-11 02:45:00,11.17
2025-11-11 03:00:00,15.46
2025-11-11 03:15:00,10.3
2025-11-11 03:30:00,24.05
2025-11-11 03:45:00,7.07
2025-11-11 04:00:00,19.57
2025-11-11 04:15:00,14.0
2025-11-11 04:30:00,2.77
2025-11-11 04:45:00,5.25
2025-11-11 05:00:00,10.51
2025-11-11 05:15:00,6.89
2025-11-11 05:30:00,6.21
2025-11-11 05:45:00,15.24
2025-11-11 06:00:00,12.33
2025-11-11 06:15:00,10.82
2025-11-11 06:30:00,8.11
2025-11-11 06:45:00,8.44
2025-11-11 07:00:00,4.53
2025-11-11 07:15:00,1.95
2025-11-11 07:30:00,5.06
2025-11-11 07:45:00,10.43
2025-11-11 08:00:00,9.51
2025-11-11 08:15:00,12.97
2025-11-11 08:30:00,8.73
2025-11-11 08:45:00,6.29
2025-11-11 09:00:00,10.69
2025-11-11 09:15:00,18.32
2025-11-11 09:30:00,3.9
2025-11-11 09:45:00,17.63
2025-11-11 10:00:00,12.98
2025-11-11 10:15:00,25.65
2025-11-11 10:30:00,6.06
2025-11-11 10:45:00,8.3
2025-11-11 11:00:00,6.31
2025-11-11 11:15:00,10.4
2025-11-11 11:30:00,12.38
2025-11-11 11:45:00,8.64
2025-11-11 12:00:00,3.01
2025-11-11 12:15:00,8.59
2025-11-11 12:30:00,10.9
2025-11-11 12:45:00,5.35
2025-11-11 13:00:00,14.95
2025-11-11 13:15:00,11.33
2025-11-11 13:30:00,13.31
2025-11-11 13:45:00,17.26
2025-11-11 14:00:00,12.06
2025-11-11 14:15:00,21.24
2025-11-11 14:30:00,8.87
2025-11-11 14:45:00,7.15
2025-11-11 15:00:00,2.13
2025-11-11 15:15:00,12.79
2025-11-11 15:30:00,5.82
2025-11-11 15:45:00,6.58
2025-11-11 16:00:00,9.43
2025-11-11 16:15:00,3.46
2025-11-11 16:30:00,10.69
2025-11-11 16:45:00,8.0
2025-11-11 17:00:00,14.83
2025-11-11 17:15:00,18.16
2025-11-11 17:30:00,26.66
2025-11-11 17:45:00,8.68
2025-11-11 18:00:00,4.48
2025-11-11 18:15:00,29.06
2025-11-11 18:30:00,20.44
2025-11-11 18:45:00,7.58
2025-11-11 19:00:00,18.76
2025-11-11 19:15:00,9.06
2025-11-11 19:30:00,16.51
2025-11-11 19:45:00,10.12
2025-11-11 20:00:00,8.69
2025-11-11 20:15:00,8.88
2025-11-11 20:30:00,7.81
2025-11-11 20:45:00,10.67
2025-11-11 21:00:00,8.74
2025-11-11 21:15:00,13.18
2025-11-11 21:30:00,12.2
2025-11-11 21:45:00,9.2
2025-11-11 22:00:00,5.82
2025-11-11 22:15:00,8.2
2025-11-11 22:30:00,4.14
2025-11-11 22:45:00,4.26
2025-11-11 23:00:00,6.28
2025-11-11 23:15:00,6.04
2025-11-11 23:30:00,2.67
2025-11-11 23:45:00,8.55
2025-11-12 00:00:00,23.51
2025-11-12 00:15:00,9.25
2025-11-12 00:30:00,5.25
2025-11-12 00:45:00,5.27
2025-11-12 01:00:00,15.22
2025-11-12 01:15:00,8.24
2025-11-12 01:30:00,2.24
2025-11-12 01:45:00,3.3
2025-11-12 02:00:00,9.03
2025-11-12 02:15:00,4.6
2025-11-12 02:30:00,4.08
2025-11-12 02:45:00,6.07
2025-11-12 03:00:00,31.13
2025-11-12 03:15:00,6.34
2025-11-12 03:30:00,5.36
2025-11-12 03:45:00,19.06
2025-11-12 04:00:00,4.81
2025-11-12 04:15:00,5.13
2025-11-12 04:30:00,8.29
2025-11-12 04:45:00,9.6
2025-11-12 05:00:00,5.4
2025-11-12 05:15:00,6.4
2025-11-12 05:30:00,10.13
2025-11-12 05:45:00,4.61
2025-11-12 06:00:00,15.55
2025-11-12 06:15:00,29.78
2025-11-12 06:30:00,8.06
2025-11-12 06:45:00,10.48
2025-11-12 07:00:00,21.37
2025-11-12 07:15:00,10.2
2025-11-12 07:30:00,10.29
2025-11-12 07:45:00,30.8
2025-11-12 08:00:00,8.84
2025-11-12 08:15:00,7.61
2025-11-12 08:30:00,14.23
2025-11-12 08:45:00,11.67
2025-11-12 09:00:00,21.94
2025-11-12 09:15:00,14.03
2025-11-12 09:30:00,21.91
2025-11-12 09:45:00,10.8
2025-11-12 10:00:00,3.54
2025-11-12 10:15:00,12.52
2025-11-12 10:30:00,14.48
2025-11-12 10:45:00,5.94
2025-11-12 11:00:00,4.39
2025-11-12 11:15:00,12.26
2025-11-12 11:30:00,13.53
2025-11-12 11:45:00,8.12
2025-11-12 12:00:00,12.33
2025-11-12 12:15:00,2.83
2025-11-12 12:30:00,11.74
2025-11-12 12:45:00,10.53
2025-11-12 13:00:00,9.76
2025-11-12 13:15:00,12.65
2025-11-12 13:30:00,19.78
2025-11-12 13:45:00,19.32
2025-11-12 14:00:00,8.92
2025-11-12 14:15:00,10.64
2025-11-12 14:30:00,12.21
2025-11-12 14:45:00,6.91
2025-11-12 15:00:00,3.32
2025-11-12 15:15:00,10.52
2025-11-12 15:30:00,6.84
2025-11-12 15:45:00,5.53
2025-11-12 16:00:00,5.52
2025-11-12 16:15:00,6.11
2025-11-12 16:30:00,10.28
2025-11-12 16:45:00,12.13
2025-11-12 17:00:00,9.39
2025-11-12 17:15:00,3.5
2025-11-12 17:30:00,5.93
2025-11-12 17:45:00,19.37
2025-11-12 18:00:00,12.83
2025-11-12 18:15:00,31.2
2025-11-12 18:30:00,14.51
2025-11-12 18:45:00,4.02
2025-11-12 19:00:00,9.5
2025-11-12 19:15:00,8.85
2025-11-12 19:30:00,6.75
2025-11-12 19:45:00,8.85
2025-11-12 20:00:00,8.56
2025-11-12 20:15:00,10.64
2025-11-12 20:30:00,4.24
2025-11-12 20:45:00,11.62
2025-11-12 21:00:00,1.76
2025-11-12 21:15:00,17.54
2025-11-12 21:30:00,14.19
2025-11-12 21:45:00,2.81
2025-11-12 22:00:00,6.41
2025-11-12 22:15:00,4.17
2025-11-12 22:30:00,7.46
2025-11-12 22:45:00,21.19
2025-11-12 23:00:00,19.4
2025-11-12 23:15:00,3.22
2025-11-12 23:30:00,15.79
2025-11-12 23:45:00,10.06
2025-11-13 00:00:00,6.19
2025-11-13 00:15:00,5.21
2025-11-13 00:30:00,20.85
2025-11-13 00:45:00,9.57
2025-11-13 01:00:00,7.27
2025-11-13 01:15:00,4.01
2025-11-13 01:30:00,6.21
2025-11-13 01:45:00,15.28
2025-11-13 02:00:00,4.73
2025-11-13 02:15:00,8.7
2025-11-13 02:30:00,7.17
2025-11-13 02:45:00,8.57
2025-11-13 03:00:00,9.51
2025-11-13 03:15:00,15.61
2025-11-13 03:30:00,6.93
2025-11-13 03:45:00,7.56
2025-11-13 04:00:00,15.67
2025-11-13 04:15:00,2.27
2025-11-13 04:30:00,10.12
2025-11-13 04:45:00,5.09
2025-11-13 05:00:00,10.69
2025-11-13 05:15:00,2.96
2025-11-13 05:30:00,3.26
2025-11-13 05:45:00,15.85
2025-11-13 06:00:00,11.2
2025-11-13 06:15:00,9.24
2025-11-13 06:30:00,23.25
2025-11-13 06:45:00,13.82
2025-11-13 07:00:00,1.5
2025-11-13 07:15:00,10.12
2025-11-13 07:30:00,9.5
2025-11-13 07:45:00,15.07
2025-11-13 08:00:00,25.47
2025-11-13 08:15:00,14.2
2025-11-13 08:30:00,8.38
2025-11-13 08:45:00,5.05
2025-11-13 09:00:00,14.87
2025-11-13 09:15:00,16.52
2025-11-13 09:30:00,8.54
2025-11-13 09:45:00,12.99
2025-11-13 10:00:00,9.12
2025-11-13 10:15:00,7.06
2025-11-13 10:30:00,10.23
2025-11-13 10:45:00,18.2
2025-11-13 11:00:00,3.59
2025-11-13 11:15:00,17.55
2025-11-13 11:30:00,2.66
2025-11-13 11:45:00,9.64
2025-11-13 12:00:00,12.68
2025-11-13 12:15:00,12.6
2025-11-13 12:30:00,4.07
2025-11-13 12:45:00,6.01
2025-11-13 13:00:00,8.25
2025-11-13 13:15:00,11.44
2025-11-13 13:30:00,4.02
2025-11-13 13:45:00,10.13
2025-11-13 14:00:00,2.32
2025-11-13 14:15:00,12.11
2025-11-13 14:30:00,10.32
2025-11-13 14:45:00,2.88
2025-11-13 15:00:00,6.4
2025-11-13 15:15:00,2.59
2025-11-13 15:30:00,4.37
2025-11-13 15:45:00,10.5
2025-11-13 16:00:00,10.23
2025-11-13 16:15:00,3.22
2025-11-13 16:30:00,11.29
2025-11-13 16:45:00,6.82
2025-11-13 17:00:00,8.76
2025-11-13 17:15:00,7.29
2025-11-13 17:30:00,10.61
2025-11-13 17:45:00,3.99
2025-11-13 18:00:00,13.74
2025-11-13 18:15:00,14.75
2025-11-13 18:30:00,15.79
2025-11-13 18:45:00,5.11
2025-11-13 19:00:00,9.84
2025-11-13 19:15:00,2.82
2025-11-13 19:30:00,15.61
2025-11-13 19:45:00,8.06
2025-11-13 20:00:00,16.43
2025-11-13 20:15:00,1.74
2025-11-13 20:30:00,4.46
2025-11-13 20:45:00,7.54
2025-11-13 21:00:00,1.52
2025-11-13 21:15:00,11.8
2025-11-13 21:30:00,6.13
2025-11-13 21:45:00,4.89
2025-11-13 22:00:00,5.65
2025-11-13 22:15:00,3.44
2025-11-13 22:30:00,8.21
2025-11-13 22:45:00,9.25
2025-11-13 23:00:00,14.47
2025-11-13 23:15:00,8.76
2025-11-13 23:30:00,9.52
2025-11-13 23:45:00,5.07
2025-11-14 00:00:00,7.04
2025-11-14 00:15:00,4.85
2025-11-14 00:30:00,8.72
2025-11-14 00:45:00,5.15
2025-11-14 01:00:00,6.04
2025-11-14 01:15:00,3.61
2025-11-14 01:30:00,4.44
2025-11-14 01:45:00,7.22
2025-11-14 02:00:00,5.22
2025-11-14 02:15:00,8.04
2025-11-14 02:30:00,4.0
2025-11-14 02:45:00,3.19
2025-11-14 03:00:00,12.77
2025-11-14 03:15:00,7.87
2025-11-14 03:30:00,4.54
2025-11-14 03:45:00,10.06
2025-11-14 04:00:00,7.41
2025-11-14 04:15:00,2.9
2025-11-14 04:30:00,18.74
2025-11-14 04:45:00,7.03
2025-11-14 05:00:00,7.12
2025-11-14 05:15:00,5.9
2025-11-14 05:30:00,4.15
2025-11-14 05:45:00,6.99
2025-11-14 06:00:00,8.53
2025-11-14 06:15:00,8.72
2025-11-14 06:30:00,10.29
2025-11-14 06:45:00,1.78
2025-11-14 07:00:00,9.8
2025-11-14 07:15:00,2.62
2025-11-14 07:30:00,8.39
2025-11-14 07:45:00,1.31
2025-11-14 08:00:00,11.85
2025-11-14 08:15:00,12.59
2025-11-14 08:30:00,18.31
2025-11-14 08:45:00,15.95
2025-11-14 09:00:00,16.54
2025-11-14 09:15:00,9.35
2025-11-14 09:30:00,14.05
2025-11-14 09:45:00,7.14
2025-11-14 10:00:00,10.47
2025-11-14 10:15:00,8.33
2025-11-14 10:30:00,4.81
2025-11-14 10:45:00,2.98
2025-11-14 11:00:00,4.25
2025-11-14 11:15:00,6.66
2025-11-14 11:30:00,11.69
2025-11-14 11:45:00,14.28
2025-11-14 12:00:00,7.62
2025-11-14 12:15:00,2.81
2025-11-14 12:30:00,8.72
2025-11-14 12:45:00,7.74
2025-11-14 13:00:00,6.82
2025-11-14 13:15:00,14.86
2025-11-14 13:30:00,10.18
2025-11-14 13:45:00,2.28
2025-11-14 14:00:00,9.32
2025-11-14 14:15:00,6.23
2025-11-14 14:30:00,9.61
2025-11-14 14:45:00,8.58
2025-11-14 15:00:00,5.78
2025-11-14 15:15:00,3.29
2025-11-14 15:30:00,9.83
2025-11-14 15:45:00,11.28
2025-11-14 16:00:00,9.46
2025-11-14 16:15:00,6.25
2025-11-14 16:30:00,17.39
2025-11-14 16:45:00,15.28
2025-11-14 17:00:00,9.82
2025-11-14 17:15:00,14.12
2025-11-14 17:30:00,5.77
2025-11-14 17:45:00,9.62
2025-11-14 18:00:00,10.8
2025-11-14 18:15:00,12.61
2025-11-14 18:30:00,5.63
2025-11-14 18:45:00,7.05
2025-11-14 19:00:00,1.01
2025-11-14 19:15:00,15.14
2025-11-14 19:30:00,6.85
2025-11-14 19:45:00,14.22
2025-11-14 20:00:00,8.09
2025-11-14 20:15:00,12.1
2025-11-14 20:30:00,11.16
2025-11-14 20:45:00,6.65
2025-11-14 21:00:00,7.26
2025-11-14 21:15:00,18.96
2025-11-14 21:30:00,14.43
2025-11-14 21:45:00,15.29
2025-11-14 22:00:00,8.41
2025-11-14 22:15:00,3.23
2025-11-14 22:30:00,8.59
2025-11-14 22:45:00,3.12
2025-11-14 23:00:00,5.33
2025-11-14 23:15:00,2.7
2025-11-14 23:30:00,6.15
2025-11-14 23:45:00,3.78
2025-11-15 00:00:00,17.02
2025-11-15 00:15:00,6.04
2025-11-15 00:30:00,13.36
2025-11-15 00:45:00,2.88
2025-11-15 01:00:00,0.0
2025-11-15 01:15:00,5.83
2025-11-15 01:30:00,3.79
2025-11-15 01:45:00,8.19
2025-11-15 02:00:00,7.15
2025-11-15 02:15:00,9.82
2025-11-15 02:30:00,4.49
2025-11-15 02:45:00,5.6
2025-11-15 03:00:00,3.21
2025-11-15 03:15:00,2.25
2025-11-15 03:30:00,4.04
2025-11-15 03:45:00,1.21
2025-11-15 04:00:00,5.3
2025-11-15 04:15:00,6.86
2025-11-15 04:30:00,2.14
2025-11-15 04:45:00,5.1
2025-11-15 05:00:00,0.0
2025-11-15 05:15:00,6.01
2025-11-15 05:30:00,5.46
2025-11-15 05:45:00,8.04
2025-11-15 06:00:00,0.0
2025-11-15 06:15:00,6.68
2025-11-15 06:30:00,12.54
2025-11-15 06:45:00,5.31
2025-11-15 07:00:00,13.08
2025-11-15 07:15:00,0.81
2025-11-15 07:30:00,9.01
2025-11-15 07:45:00,6.11
2025-11-15 08:00:00,11.34
2025-11-15 08:15:00,6.22
2025-11-15 08:30:00,2.06
2025-11-15 08:45:00,8.43
2025-11-15 09:00:00,0.01
2025-11-15 09:15:00,7.75
2025-11-15 09:30:00,12.82
2025-11-15 09:45:00,14.19
2025-11-15 10:00:00,6.09
2025-11-15 10:15:00,3.9
2025-11-15 10:30:00,6.72
2025-11-15 10:45:00,9.83
2025-11-15 11:00:00,10.77
2025-11-15 11:15:00,8.5
2025-11-15 11:30:00,8.43
2025-11-15 11:45:00,4.4
2025-11-15 12:00:00,2.87
2025-11-15 12:15:00,5.78
2025-11-15 12:30:00,6.91
2025-11-15 12:45:00,3.7
2025-11-15 13:00:00,8.27
2025-11-15 13:15:00,0.0
2025-11-15 13:30:00,6.12
2025-11-15 13:45:00,0.0
2025-11-15 14:00:00,0.0
2025-11-15 14:15:00,6.42
2025-11-15 14:30:00,5.1
2025-11-15 14:45:00,9.22
2025-11-15 15:00:00,4.91
2025-11-15 15:15:00,4.55
2025-11-15 15:30:00,7.16
2025-11-15 15:45:00,1.51
2025-11-15 16:00:00,5.8
2025-11-15 16:15:00,2.34
2025-11-15 16:30:00,4.51
2025-11-15 16:45:00,20.58
2025-11-15 17:00:00,11.38
2025-11-15 17:15:00,1.63
2025-11-15 17:30:00,14.3
2025-11-15 17:45:00,6.63
2025-11-15 18:00:00,0.0
2025-11-15 18:15:00,12.59
2025-11-15 18:30:00,15.89
2025-11-15 18:45:00,19.5
2025-11-15 19:00:00,15.83
2025-11-15 19:15:00,4.03
2025-11-15 19:30:00,0.0
2025-11-15 19:45:00,30.58
2025-11-15 20:00:00,6.78
2025-11-15 20:15:00,1.08
2025-11-15 20:30:00,18.03
2025-11-15 20:45:00,5.63
2025-11-15 21:00:00,10.34
2025-11-15 21:15:00,1.27
2025-11-15 21:30:00,3.88
2025-11-15 21:45:00,8.11
2025-11-15 22:00:00,11.42
2025-11-15 22:15:00,7.25
2025-11-15 22:30:00,1.77
2025-11-15 22:45:00,6.64
2025-11-15 23:00:00,40.5
2025-11-15 23:15:00,14.56
2025-11-15 23:30:00,0.12
2025-11-15 23:45:00,0.02
2025-11-16 00:00:00,5.97
2025-11-16 00:15:00,4.03
2025-11-16 00:30:00,2.0
2025-11-16 00:45:00,2.95
2025-11-16 01:00:00,2.75
2025-11-16 01:15:00,15.14
2025-11-16 01:30:00,4.33
2025-11-16 01:45:00,1.34
2025-11-16 02:00:00,16.59
2025-11-16 02:15:00,0.0
2025-11-16 02:30:00,19.57
2025-11-16 02:45:00,11.64
2025-11-16 03:00:00,3.72
2025-11-16 03:15:00,0.0
2025-11-16 03:30:00,5.92
2025-11-16 03:45:00,4.6
2025-11-16 04:00:00,3.57
2025-11-16 04:15:00,10.0
2025-11-16 04:30:00,7.41
2025-11-16 04:45:00,8.07
2025-11-16 05:00:00,3.34
2025-11-16 05:15:00,7.58
2025-11-16 05:30:00,5.31
2025-11-16 05:45:00,20.36
2025-11-16 06:00:00,4.11
2025-11-16 06:15:00,7.78
2025-11-16 06:30:00,0.0
2025-11-16 06:45:00,4.17
2025-11-16 07:00:00,0.0
2025-11-16 07:15:00,1.09
2025-11-16 07:30:00,0.05
2025-11-16 07:45:00,6.3
2025-11-16 08:00:00,1.14
2025-11-16 08:15:00,26.21
2025-11-16 08:30:00,0.0
2025-11-16 08:45:00,15.45
2025-11-16 09:00:00,0.0
2025-11-16 09:15:00,10.21
2025-11-16 09:30:00,11.12
2025-11-16 09:45:00,9.85
2025-11-16 10:00:00,4.91
2025-11-16 10:15:00,0.0
2025-11-16 10:30:00,15.36
2025-11-16 10:45:00,12.78
2025-11-16 11:00:00,8.93
2025-11-16 11:15:00,7.56
2025-11-16 11:30:00,4.58
2025-11-16 11:45:00,7.14
2025-11-16 12:00:00,6.38
2025-11-16 12:15:00,4.2
2025-11-16 12:30:00,0.36
2025-11-16 12:45:00,9.58
2025-11-16 13:00:00,12.51
2025-11-16 13:15:00,14.43
2025-11-16 13:30:00,5.3
2025-11-16 13:45:00,4.75
2025-11-16 14:00:00,9.8
2025-11-16 14:15:00,5.42
2025-11-16 14:30:00,0.0
2025-11-16 14:45:00,7.39
2025-11-16 15:00:00,4.81
2025-11-16 15:15:00,16.26
2025-11-16 15:30:00,12.24
2025-11-16 15:45:00,16.28
2025-11-16 16:00:00,5.54
2025-11-16 16:15:00,6.85
2025-11-16 16:30:00,15.58
2025-11-16 16:45:00,0.0
2025-11-16 17:00:00,0.0
2025-11-16 17:15:00,8.89
2025-11-16 17:30:00,0.73
2025-11-16 17:45:00,0.61
2025-11-16 18:00:00,10.58
2025-11-16 18:15:00,9.13
2025-11-16 18:30:00,2.3
2025-11-16 18:45:00,2.9
2025-11-16 19:00:00,8.64
2025-11-16 19:15:00,15.13
2025-11-16 19:30:00,0.0
2025-11-16 19:45:00,18.85
2025-11-16 20:00:00,7.47
2025-11-16 20:15:00,0.0
2025-11-16 20:30:00,4.64
2025-11-16 20:45:00,0.99
2025-11-16 21:00:00,7.28
2025-11-16 21:15:00,24.88
2025-11-16 21:30:00,0.0
2025-11-16 21:45:00,0.0
2025-11-16 22:00:00,20.41
2025-11-16 22:15:00,7.45
2025-11-16 22:30:00,6.78
2025-11-16 22:45:00,1.62
2025-11-16 23:00:00,1.3
2025-11-16 23:15:00,6.47
2025-11-16 23:30:00,9.34
2025-11-16 23:45:00,2.21
2025-11-17 00:00:00,8.77
2025-11-17 00:15:00,8.42
2025-11-17 00:30:00,4.41
2025-11-17 00:45:00,10.26
2025-11-17 01:00:00,3.26
2025-11-17 01:15:00,7.76
2025-11-17 01:30:00,14.45
2025-11-17 01:45:00,12.42
2025-11-17 02:00:00,6.81
2025-11-17 02:15:00,9.28
2025-11-17 02:30:00,9.82
2025-11-17 02:45:00,2.43
2025-11-17 03:00:00,2.55
2025-11-17 03:15:00,3.24
2025-11-17 03:30:00,5.67
2025-11-17 03:45:00,7.37
2025-11-17 04:00:00,4.52
2025-11-17 04:15:00,3.55
2025-11-17 04:30:00,5.74
2025-11-17 04:45:00,9.76
2025-11-17 05:00:00,10.62
2025-11-17 05:15:00,9.54
2025-11-17 05:30:00,6.06
2025-11-17 05:45:00,7.3
2025-11-17 06:00:00,7.4
2025-11-17 06:15:00,13.37
2025-11-17 06:30:00,19.88
2025-11-17 06:45:00,8.92
2025-11-17 07:00:00,8.69
2025-11-17 07:15:00,5.14
2025-11-17 07:30:00,14.95
2025-11-17 07:45:00,3.67
2025-11-17 08:00:00,4.01
2025-11-17 08:15:00,6.24
2025-11-17 08:30:00,7.42
2025-11-17 08:45:00,9.3
2025-11-17 09:00:00,12.06
2025-11-17 09:15:00,8.07
2025-11-17 09:30:00,13.08
2025-11-17 09:45:00,6.33
2025-11-17 10:00:00,7.62
2025-11-17 10:15:00,6.6
2025-11-17 10:30:00,13.19
2025-11-17 10:45:00,7.44
2025-11-17 11:00:00,8.62
2025-11-17 11:15:00,13.57
2025-11-17 11:30:00,5.76
2025-11-17 11:45:00,2.73
2025-11-17 12:00:00,14.63
2025-11-17 12:15:00,8.49
2025-11-17 12:30:00,2.77
2025-11-17 12:45:00,14.26
2025-11-17 13:00:00,2.58
2025-11-17 13:15:00,4.16
2025-11-17 13:30:00,14.24
2025-11-17 13:45:00,6.13
2025-11-17 14:00:00,17.13
2025-11-17 14:15:00,33.67
2025-11-17 14:30:00,13.59
2025-11-17 14:45:00,2.18
2025-11-17 15:00:00,8.94
2025-11-17 15:15:00,14.75
2025-11-17 15:30:00,11.63
2025-11-17 15:45:00,10.73
2025-11-17 16:00:00,7.32
2025-11-17 16:15:00,6.39
2025-11-17 16:30:00,15.98
2025-11-17 16:45:00,11.18
2025-11-17 17:00:00,4.32
2025-11-17 17:15:00,17.93
2025-11-17 17:30:00,5.41
2025-11-17 17:45:00,16.08
2025-11-17 18:00:00,4.39
2025-11-17 18:15:00,12.5
2025-11-17 18:30:00,21.57
2025-11-17 18:45:00,20.85
2025-11-17 19:00:00,12.67
2025-11-17 19:15:00,10.6
2025-11-17 19:30:00,9.81
2025-11-17 19:45:00,17.2
2025-11-17 20:00:00,11.99
2025-11-17 20:15:00,36.11
2025-11-17 20:30:00,20.8
2025-11-17 20:45:00,2.78
2025-11-17 21:00:00,5.43
2025-11-17 21:15:00,8.68
2025-11-17 21:30:00,2.94
2025-11-17 21:45:00,11.2
2025-11-17 22:00:00,7.4
2025-11-17 22:15:00,8.76
2025-11-17 22:30:00,4.6
2025-11-17 22:45:00,7.16
2025-11-17 23:00:00,7.43
2025-11-17 23:15:00,16.4
2025-11-17 23:30:00,5.59
2025-11-17 23:45:00,10.95
2025-11-18 00:00:00,4.28
2025-11-18 00:15:00,2.94
2025-11-18 00:30:00,14.46
2025-11-18 00:45:00,4.1
2025-11-18 01:00:00,4.47
2025-11-18 01:15:00,3.74
2025-11-18 01:30:00,8.54
2025-11-18 01:45:00,3.44
2025-11-18 02:00:00,11.11
2025-11-18 02:15:00,3.32
2025-11-18 02:30:00,5.75
2025-11-18 02:45:00,17.44
2025-11-18 03:00:00,3.87
2025-11-18 03:15:00,2.63
2025-11-18 03:30:00,6.46
2025-11-18 03:45:00,6.16
2025-11-18 04:00:00,3.87
2025-11-18 04:15:00,7.13
2025-11-18 04:30:00,4.73
2025-11-18 04:45:00,5.8
2025-11-18 05:00:00,8.81
2025-11-18 05:15:00,13.04
2025-11-18 05:30:00,10.15
2025-11-18 05:45:00,7.19
2025-11-18 06:00:00,9.25
2025-11-18 06:15:00,2.22
2025-11-18 06:30:00,13.91
2025-11-18 06:45:00,23.29
2025-11-18 07:00:00,6.94
2025-11-18 07:15:00,5.58
2025-11-18 07:30:00,14.51
2025-11-18 07:45:00,18.0
2025-11-18 08:00:00,17.02
2025-11-18 08:15:00,8.67
2025-11-18 08:30:00,9.41
2025-11-18 08:45:00,6.93
2025-11-18 09:00:00,7.42
2025-11-18 09:15:00,11.9
2025-11-18 09:30:00,21.2
2025-11-18 09:45:00,20.09
2025-11-18 10:00:00,6.93
2025-11-18 10:15:00,8.22
2025-11-18 10:30:00,2.14
2025-11-18 10:45:00,11.98
2025-11-18 11:00:00,8.66
2025-11-18 11:15:00,6.08
2025-11-18 11:30:00,16.43
2025-11-18 11:45:00,9.17
2025-11-18 12:00:00,15.94
2025-11-18 12:15:00,10.04
2025-11-18 12:30:00,10.49
2025-11-18 12:45:00,5.43
2025-11-18 13:00:00,7.79
2025-11-18 13:15:00,6.5
2025-11-18 13:30:00,9.64
2025-11-18 13:45:00,7.34
2025-11-18 14:00:00,11.08
2025-11-18 14:15:00,13.14
2025-11-18 14:30:00,9.05
2025-11-18 14:45:00,12.97
2025-11-18 15:00:00,11.99
2025-11-18 15:15:00,7.7
2025-11-18 15:30:00,9.31
2025-11-18 15:45:00,10.23
2025-11-18 16:00:00,13.71
2025-11-18 16:15:00,7.77
2025-11-18 16:30:00,2.13
2025-11-18 16:45:00,3.01
2025-11-18 17:00:00,17.4
2025-11-18 17:15:00,9.57
2025-11-18 17:30:00,6.74
2025-11-18 17:45:00,10.87
2025-11-18 18:00:00,11.54
2025-11-18 18:15:00,5.31
2025-11-18 18:30:00,4.67
2025-11-18 18:45:00,17.14
2025-11-18 19:00:00,25.21
2025-11-18 19:15:00,14.56
2025-11-18 19:30:00,14.08
2025-11-18 19:45:00,3.96
2025-11-18 20:00:00,5.83
2025-11-18 20:15:00,8.55
2025-11-18 20:30:00,11.73
2025-11-18 20:45:00,7.39
2025-11-18 21:00:00,6.07
2025-11-18 21:15:00,7.59
2025-11-18 21:30:00,10.07
2025-11-18 21:45:00,3.21
2025-11-18 22:00:00,7.82
2025-11-18 22:15:00,21.35
2025-11-18 22:30:00,2.21
2025-11-18 22:45:00,8.98
2025-11-18 23:00:00,17.28
2025-11-18 23:15:00,8.64
2025-11-18 23:30:00,6.47
2025-11-18 23:45:00,1.69
2025-11-19 00:00:00,16.59
2025-11-19 00:15:00,9.75
2025-11-19 00:30:00,9.36
2025-11-19 00:45:00,3.99
2025-11-19 01:00:00,28.53
2025-11-19 01:15:00,2.92
2025-11-19 01:30:00,6.86
2025-11-19 01:45:00,9.33
2025-11-19 02:00:00,21.21
2025-11-19 02:15:00,2.02
2025-11-19 02:30:00,16.45
2025-11-19 02:45:00,3.48
2025-11-19 03:00:00,13.82
2025-11-19 03:15:00,9.5
2025-11-19 03:30:00,5.64
2025-11-19 03:45:00,5.87
2025-11-19 04:00:00,1.97
2025-11-19 04:15:00,6.52
2025-11-19 04:30:00,8.05
2025-11-19 04:45:00,14.64
2025-11-19 05:00:00,8.72
2025-11-19 05:15:00,8.03
2025-11-19 05:30:00,6.95
2025-11-19 05:45:00,4.57
2025-11-19 06:00:00,8.65
2025-11-19 06:15:00,2.5
2025-11-19 06:30:00,7.36
2025-11-19 06:45:00,7.08
2025-11-19 07:00:00,2.59
2025-11-19 07:15:00,11.28
2025-11-19 07:30:00,13.6
2025-11-19 07:45:00,8.63
2025-11-19 08:00:00,13.09
2025-11-19 08:15:00,5.2
2025-11-19 08:30:00,10.65
2025-11-19 08:45:00,11.79
2025-11-19 09:00:00,15.74
2025-11-19 09:15:00,15.32
2025-11-19 09:30:00,15.8
2025-11-19 09:45:00,14.16
2025-11-19 10:00:00,15.23
2025-11-19 10:15:00,27.19
2025-11-19 10:30:00,9.79
2025-11-19 10:45:00,7.84
2025-11-19 11:00:00,7.05
2025-11-19 11:15:00,9.54
2025-11-19 11:30:00,13.62
2025-11-19 11:45:00,3.09
2025-11-19 12:00:00,10.1
2025-11-19 12:15:00,9.05
2025-11-19 12:30:00,11.14
2025-11-19 12:45:00,6.42
2025-11-19 13:00:00,2.81
2025-11-19 13:15:00,8.21
2025-11-19 13:30:00,7.82
2025-11-19 13:45:00,9.47
2025-11-19 14:00:00,9.92
2025-11-19 14:15:00,8.98
2025-11-19 14:30:00,15.48
2025-11-19 14:45:00,3.64
2025-11-19 15:00:00,10.47
2025-11-19 15:15:00,9.95
2025-11-19 15:30:00,8.34
2025-11-19 15:45:00,12.32
2025-11-19 16:00:00,9.07
2025-11-19 16:15:00,8.93
2025-11-19 16:30:00,9.73
2025-11-19 16:45:00,33.43
2025-11-19 17:00:00,20.64
2025-11-19 17:15:00,6.65
2025-11-19 17:30:00,5.9
2025-11-19 17:45:00,16.34
2025-11-19 18:00:00,17.82
2025-11-19 18:15:00,14.47
2025-11-19 18:30:00,3.95
2025-11-19 18:45:00,13.8
2025-11-19 19:00:00,11.53
2025-11-19 19:15:00,23.21
2025-11-19 19:30:00,9.29
2025-11-19 19:45:00,17.37
2025-11-19 20:00:00,3.03
2025-11-19 20:15:00,3.58
2025-11-19 20:30:00,9.55
2025-11-19 20:45:00,10.57
2025-11-19 21:00:00,3.77
2025-11-19 21:15:00,7.32
2025-11-19 21:30:00,7.01
2025-11-19 21:45:00,16.42
2025-11-19 22:00:00,13.63
2025-11-19 22:15:00,14.85
2025-11-19 22:30:00,2.54
2025-11-19 22:45:00,16.97
2025-11-19 23:00:00,5.47
2025-11-19 23:15:00,10.59
2025-11-19 23:30:00,5.39
2025-11-19 23:45:00,6.75
2025-11-20 00:00:00,12.68
2025-11-20 00:15:00,2.84
2025-11-20 00:30:00,5.09
2025-11-20 00:45:00,5.87
2025-11-20 01:00:00,4.56
2025-11-20 01:15:00,19.73
2025-11-20 01:30:00,4.22
2025-11-20 01:45:00,5.04
2025-11-20 02:00:00,4.66
2025-11-20 02:15:00,2.65
2025-11-20 02:30:00,22.4
2025-11-20 02:45:00,9.58
2025-11-20 03:00:00,6.53
2025-11-20 03:15:00,6.08
2025-11-20 03:30:00,4.22
2025-11-20 03:45:00,2.84
2025-11-20 04:00:00,6.07
2025-11-20 04:15:00,3.61
2025-11-20 04:30:00,27.86
2025-11-20 04:45:00,4.92
2025-11-20 05:00:00,7.05
2025-11-20 05:15:00,22.52
2025-11-20 05:30:00,2.96
2025-11-20 05:45:00,15.41
2025-11-20 06:00:00,7.82
2025-11-20 06:15:00,4.13
2025-11-20 06:30:00,3.28
2025-11-20 06:45:00,3.16
2025-11-20 07:00:00,9.22
2025-11-20 07:15:00,6.1
2025-11-20 07:30:00,9.6
2025-11-20 07:45:00,7.86
2025-11-20 08:00:00,10.15
2025-11-20 08:15:00,23.52
2025-11-20 08:30:00,14.75
2025-11-20 08:45:00,14.97
2025-11-20 09:00:00,13.7
2025-11-20 09:15:00,14.64
2025-11-20 09:30:00,4.16
2025-11-20 09:45:00,9.73
2025-11-20 10:00:00,20.98
2025-11-20 10:15:00,9.73
2025-11-20 10:30:00,2.93
2025-11-20 10:45:00,7.84
2025-11-20 11:00:00,7.28
2025-11-20 11:15:00,12.19
2025-11-20 11:30:00,1.61
2025-11-20 11:45:00,8.29
2025-11-20 12:00:00,8.66
2025-11-20 12:15:00,9.75
2025-11-20 12:30:00,9.96
2025-11-20 12:45:00,2.64
2025-11-20 13:00:00,9.12
2025-11-20 13:15:00,3.48
2025-11-20 13:30:00,9.67
2025-11-20 13:45:00,2.81
2025-11-20 14:00:00,9.27
2025-11-20 14:15:00,14.19
2025-11-20 14:30:00,10.13
2025-11-20 14:45:00,10.75
2025-11-20 15:00:00,2.76
2025-11-20 15:15:00,11.14
2025-11-20 15:30:00,5.64
2025-11-20 15:45:00,11.23
2025-11-20 16:00:00,9.11
2025-11-20 16:15:00,8.09
2025-11-20 16:30:00,9.83
2025-11-20 16:45:00,10.13
2025-11-20 17:00:00,25.17
2025-11-20 17:15:00,4.87
2025-11-20 17:30:00,18.23
2025-11-20 17:45:00,13.51
2025-11-20 18:00:00,21.14
2025-11-20 18:15:00,4.84
2025-11-20 18:30:00,18.51
2025-11-20 18:45:00,8.69
2025-11-20 19:00:00,18.01
2025-11-20 19:15:00,7.7
2025-11-20 19:30:00,9.45
2025-11-20 19:45:00,2.87
2025-11-20 20:00:00,8.86
2025-11-20 20:15:00,1.73
2025-11-20 20:30:00,12.33
2025-11-20 20:45:00,14.87
2025-11-20 21:00:00,8.22
2025-11-20 21:15:00,30.21
2025-11-20 21:30:00,29.98
2025-11-20 21:45:00,13.22
2025-11-20 22:00:00,13.15
2025-11-20 22:15:00,8.97
2025-11-20 22:30:00,2.77
2025-11-20 22:45:00,3.46
2025-11-20 23:00:00,6.5
2025-11-20 23:15:00,15.44
2025-11-20 23:30:00,7.08
2025-11-20 23:45:00,12.81
2025-11-21 00:00:00,7.54
2025-11-21 00:15:00,2.08
2025-11-21 00:30:00,6.79
2025-11-21 00:45:00,12.77
2025-11-21 01:00:00,3.14
2025-11-21 01:15:00,2.19
2025-11-21 01:30:00,7.43
2025-11-21 01:45:00,9.38
2025-11-21 02:00:00,2.99
2025-11-21 02:15:00,18.23
2025-11-21 02:30:00,4.75
2025-11-21 02:45:00,7.76
2025-11-21 03:00:00,4.94
2025-11-21 03:15:00,12.21
2025-11-21 03:30:00,10.12
2025-11-21 03:45:00,2.77
2025-11-21 04:00:00,4.22
2025-11-21 04:15:00,5.47
2025-11-21 04:30:00,6.42
2025-11-21 04:45:00,5.03
2025-11-21 05:00:00,11.27
2025-11-21 05:15:00,33.37
2025-11-21 05:30:00,8.39
2025-11-21 05:45:00,17.24
2025-11-21 06:00:00,22.69
2025-11-21 06:15:00,7.51
2025-11-21 06:30:00,2.42
2025-11-21 06:45:00,11.34
2025-11-21 07:00:00,8.99
2025-11-21 07:15:00,10.25
2025-11-21 07:30:00,2.58
2025-11-21 07:45:00,13.79
2025-11-21 08:00:00,15.77
2025-11-21 08:15:00,12.1
2025-11-21 08:30:00,4.74
2025-11-21 08:45:00,13.01
2025-11-21 09:00:00,8.66
2025-11-21 09:15:00,12.67
2025-11-21 09:30:00,13.18
2025-11-21 09:45:00,21.55
2025-11-21 10:00:00,14.16
2025-11-21 10:15:00,12.95
2025-11-21 10:30:00,23.82
2025-11-21 10:45:00,8.07
2025-11-21 11:00:00,15.72
2025-11-21 11:15:00,21.49
2025-11-21 11:30:00,27.93
2025-11-21 11:45:00,6.72
2025-11-21 12:00:00,6.42
2025-11-21 12:15:00,9.71
2025-11-21 12:30:00,11.36
2025-11-21 12:45:00,9.18
2025-11-21 13:00:00,23.55
2025-11-21 13:15:00,2.85
2025-11-21 13:30:00,11.92
2025-11-21 13:45:00,8.07
2025-11-21 14:00:00,6.96
2025-11-21 14:15:00,37.06
2025-11-21 14:30:00,8.4
2025-11-21 14:45:00,2.59
2025-11-21 15:00:00,5.22
2025-11-21 15:15:00,19.37
2025-11-21 15:30:00,9.61
2025-11-21 15:45:00,31.3
2025-11-21 16:00:00,11.61
2025-11-21 16:15:00,13.85
2025-11-21 16:30:00,3.33
2025-11-21 16:45:00,9.51
2025-11-21 17:00:00,9.33
2025-11-21 17:15:00,17.53
2025-11-21 17:30:00,2.74
2025-11-21 17:45:00,13.23
2025-11-21 18:00:00,4.25
2025-11-21 18:15:00,14.53
2025-11-21 18:30:00,3.73
2025-11-21 18:45:00,2.52
2025-11-21 19:00:00,4.02
2025-11-21 19:15:00,13.16
2025-11-21 19:30:00,6.59
2025-11-21 19:45:00,8.22
2025-11-21 20:00:00,5.5
2025-11-21 20:15:00,6.77
2025-11-21 20:30:00,2.87
2025-11-21 20:45:00,11.04
2025-11-21 21:00:00,23.16
2025-11-21 21:15:00,6.29
2025-11-21 21:30:00,19.07
2025-11-21 21:45:00,20.86
2025-11-21 22:00:00,15.25
2025-11-21 22:15:00,2.34
2025-11-21 22:30:00,11.12
2025-11-21 22:45:00,12.84
2025-11-21 23:00:00,5.08
2025-11-21 23:15:00,3.46
2025-11-21 23:30:00,5.43
2025-11-21 23:45:00,7.54
2025-11-22 00:00:00,2.84
2025-11-22 00:15:00,7.92
2025-11-22 00:30:00,1.01
2025-11-22 00:45:00,4.95
2025-11-22 01:00:00,18.7
2025-11-22 01:15:00,1.58
2025-11-22 01:30:00,1.06
2025-11-22 01:45:00,3.07
2025-11-22 02:00:00,1.28
2025-11-22 02:15:00,22.06
2025-11-22 02:30:00,4.52
2025-11-22 02:45:00,2.39
2025-11-22 03:00:00,6.02
2025-11-22 03:15:00,6.49
2025-11-22 03:30:00,1.71
2025-11-22 03:45:00,1.73
2025-11-22 04:00:00,13.02
2025-11-22 04:15:00,9.73
2025-11-22 04:30:00,2.02
2025-11-22 04:45:00,2.92
2025-11-22 05:00:00,11.22
2025-11-22 05:15:00,4.93
2025-11-22 05:30:00,1.35
2025-11-22 05:45:00,13.93
2025-11-22 06:00:00,2.89
2025-11-22 06:15:00,11.17
2025-11-22 06:30:00,0.15
2025-11-22 06:45:00,4.24
2025-11-22 07:00:00,4.06
2025-11-22 07:15:00,1.18
2025-11-22 07:30:00,7.94
2025-11-22 07:45:00,4.31
2025-11-22 08:00:00,22.05
2025-11-22 08:15:00,11.63
2025-11-22 08:30:00,9.69
2025-11-22 08:45:00,1.71
2025-11-22 09:00:00,5.53
2025-11-22 09:15:00,2.34
2025-11-22 09:30:00,17.37
2025-11-22 09:45:00,0.43
2025-11-22 10:00:00,10.27
2025-11-22 10:15:00,8.33
2025-11-22 10:30:00,0.37
2025-11-22 10:45:00,5.27
2025-11-22 11:00:00,0.22
2025-11-22 11:15:00,6.23
2025-11-22 11:30:00,6.93
2025-11-22 11:45:00,3.8
2025-11-22 12:00:00,4.52
2025-11-22 12:15:00,16.91
2025-11-22 12:30:00,0.0
2025-11-22 12:45:00,0.15
2025-11-22 13:00:00,0.0
2025-11-22 13:15:00,0.06
2025-11-22 13:30:00,5.84
2025-11-22 13:45:00,4.39
2025-11-22 14:00:00,1.05
2025-11-22 14:15:00,3.21
2025-11-22 14:30:00,4.42
2025-11-22 14:45:00,6.96
2025-11-22 15:00:00,4.72
2025-11-22 15:15:00,11.16
2025-11-22 15:30:00,0.0
2025-11-22 15:45:00,6.31
2025-11-22 16:00:00,0.0
2025-11-22 16:15:00,7.0
2025-11-22 16:30:00,15.13
2025-11-22 16:45:00,6.55
2025-11-22 17:00:00,9.13
2025-11-22 17:15:00,14.01
2025-11-22 17:30:00,18.57
2025-11-22 17:45:00,15.03
2025-11-22 18:00:00,12.75
2025-11-22 18:15:00,13.25
2025-11-22 18:30:00,15.93
2025-11-22 18:45:00,8.7
2025-11-22 19:00:00,10.96
2025-11-22 19:15:00,6.56
2025-11-22 19:30:00,6.12
2025-11-22 19:45:00,0.0
2025-11-22 20:00:00,13.1
2025-11-22 20:15:00,4.59
2025-11-22 20:30:00,5.41
2025-11-22 20:45:00,6.49
2025-11-22 21:00:00,1.2
2025-11-22 21:15:00,4.31
2025-11-22 21:30:00,13.37
2025-11-22 21:45:00,0.19
2025-11-22 22:00:00,2.67
2025-11-22 22:15:00,25.58
2025-11-22 22:30:00,11.29
2025-11-22 22:45:00,1.48
2025-11-22 23:00:00,7.45
2025-11-22 23:15:00,5.08
2025-11-22 23:30:00,7.6
2025-11-22 23:45:00,0.69
2025-11-23 00:00:00,0.0
2025-11-23 00:15:00,0.36
2025-11-23 00:30:00,9.39
2025-11-23 00:45:00,3.04
2025-11-23 01:00:00,4.05
2025-11-23 01:15:00,0.67
2025-11-23 01:30:00,4.51
2025-11-23 01:45:00,3.72
2025-11-23 02:00:00,1.83
2025-11-23 02:15:00,10.23
2025-11-23 02:30:00,2.37
2025-11-23 02:45:00,5.96
2025-11-23 03:00:00,5.57
2025-11-23 03:15:00,3.23
2025-11-23 03:30:00,12.82
2025-11-23 03:45:00,2.35
2025-11-23 04:00:00,7.24
2025-11-23 04:15:00,31.49
2025-11-23 04:30:00,19.97
2025-11-23 04:45:00,5.92
2025-11-23 05:00:00,7.32
2025-11-23 05:15:00,7.68
2025-11-23 05:30:00,4.49
2025-11-23 05:45:00,5.1
2025-11-23 06:00:00,6.81
2025-11-23 06:15:00,3.06
2025-11-23 06:30:00,6.35
2025-11-23 06:45:00,0.0
2025-11-23 07:00:00,8.88
2025-11-23 07:15:00,6.48
2025-11-23 07:30:00,0.0
2025-11-23 07:45:00,3.89
2025-11-23 08:00:00,11.25
2025-11-23 08:15:00,9.87
2025-11-23 08:30:00,10.65
2025-11-23 08:45:00,6.5
2025-11-23 09:00:00,6.94
2025-11-23 09:15:00,31.24
2025-11-23 09:30:00,10.02
2025-11-23 09:45:00,10.73
2025-11-23 10:00:00,1.09
2025-11-23 10:15:00,6.57
2025-11-23 10:30:00,6.52
2025-11-23 10:45:00,6.32
2025-11-23 11:00:00,3.21
2025-11-23 11:15:00,0.31
2025-11-23 11:30:00,9.25
2025-11-23 11:45:00,0.0
2025-11-23 12:00:00,16.81
2025-11-23 12:15:00,5.92
2025-11-23 12:30:00,10.11
2025-11-23 12:45:00,10.67
2025-11-23 13:00:00,4.74
2025-11-23 13:15:00,6.37
2025-11-23 13:30:00,8.44
2025-11-23 13:45:00,3.73
2025-11-23 14:00:00,7.73
2025-11-23 14:15:00,7.59
2025-11-23 14:30:00,12.7
2025-11-23 14:45:00,11.94
2025-11-23 15:00:00,0.0
2025-11-23 15:15:00,1.22
2025-11-23 15:30:00,0.04
2025-11-23 15:45:00,46.51
2025-11-23 16:00:00,3.36
2025-11-23 16:15:00,7.95
2025-11-23 16:30:00,11.34
2025-11-23 16:45:00,5.0
2025-11-23 17:00:00,1.06
2025-11-23 17:15:00,18.46
2025-11-23 17:30:00,0.87
2025-11-23 17:45:00,1.57
2025-11-23 18:00:00,16.78
2025-11-23 18:15:00,2.38
2025-11-23 18:30:00,10.53
2025-11-23 18:45:00,10.57
2025-11-23 19:00:00,29.7
2025-11-23 19:15:00,7.92
2025-11-23 19:30:00,0.78
2025-11-23 19:45:00,0.0
2025-11-23 20:00:00,8.02
2025-11-23 20:15:00,5.54
2025-11-23 20:30:00,9.6
2025-11-23 20:45:00,8.26
2025-11-23 21:00:00,12.94
2025-11-23 21:15:00,0.4
2025-11-23 21:30:00,6.95
2025-11-23 21:45:00,3.29
2025-11-23 22:00:00,5.42
2025-11-23 22:15:00,0.27
2025-11-23 22:30:00,2.55
2025-11-23 22:45:00,15.23
2025-11-23 23:00:00,3.22
2025-11-23 23:15:00,7.32
2025-11-23 23:30:00,2.54
2025-11-23 23:45:00,0.0
2025-11-24 00:00:00,12.56
2025-11-24 00:15:00,6.36
2025-11-24 00:30:00,27.99
2025-11-24 00:45:00,7.89
2025-11-24 01:00:00,9.07
2025-11-24 01:15:00,5.37
2025-11-24 01:30:00,4.93
2025-11-24 01:45:00,4.94
2025-11-24 02:00:00,13.32
2025-11-24 02:15:00,5.18
2025-11-24 02:30:00,8.44
2025-11-24 02:45:00,5.0
2025-11-24 03:00:00,4.69
2025-11-24 03:15:00,4.71
2025-11-24 03:30:00,2.24
2025-11-24 03:45:00,5.99
2025-11-24 04:00:00,20.0
2025-11-24 04:15:00,10.89
2025-11-24 04:30:00,9.51
2025-11-24 04:45:00,6.08
2025-11-24 05:00:00,7.85
2025-11-24 05:15:00,6.3
2025-11-24 05:30:00,3.18
2025-11-24 05:45:00,12.61
2025-11-24 06:00:00,2.27
2025-11-24 06:15:00,4.15
2025-11-24 06:30:00,10.84
2025-11-24 06:45:00,4.08
2025-11-24 07:00:00,9.39
2025-11-24 07:15:00,7.61
2025-11-24 07:30:00,8.84
2025-11-24 07:45:00,9.39
2025-11-24 08:00:00,11.52
2025-11-24 08:15:00,11.99
2025-11-24 08:30:00,23.05
2025-11-24 08:45:00,10.07
2025-11-24 09:00:00,12.22
2025-11-24 09:15:00,8.58
2025-11-24 09:30:00,13.34
2025-11-24 09:45:00,12.23
2025-11-24 10:00:00,8.54
2025-11-24 10:15:00,6.68
2025-11-24 10:30:00,9.17
2025-11-24 10:45:00,8.19
2025-11-24 11:00:00,4.82
2025-11-24 11:15:00,6.55
2025-11-24 11:30:00,6.24
2025-11-24 11:45:00,8.84
2025-11-24 12:00:00,1.75
2025-11-24 12:15:00,7.72
2025-11-24 12:30:00,10.14
2025-11-24 12:45:00,6.94
2025-11-24 13:00:00,8.94
2025-11-24 13:15:00,9.35
2025-11-24 13:30:00,3.96
2025-11-24 13:45:00,12.36
2025-11-24 14:00:00,18.28
2025-11-24 14:15:00,12.99
2025-11-24 14:30:00,7.97
2025-11-24 14:45:00,3.13
2025-11-24 15:00:00,2.22
2025-11-24 15:15:00,11.13
2025-11-24 15:30:00,9.19
2025-11-24 15:45:00,23.99
2025-11-24 16:00:00,16.33
2025-11-24 16:15:00,7.26
2025-11-24 16:30:00,10.68
2025-11-24 16:45:00,10.27
2025-11-24 17:00:00,13.92
2025-11-24 17:15:00,16.55
2025-11-24 17:30:00,9.98
2025-11-24 17:45:00,14.47
2025-11-24 18:00:00,18.13
2025-11-24 18:15:00,9.5
2025-11-24 18:30:00,14.33
2025-11-24 18:45:00,3.61
2025-11-24 19:00:00,21.32
2025-11-24 19:15:00,4.81
2025-11-24 19:30:00,14.37
2025-11-24 19:45:00,15.57
2025-11-24 20:00:00,6.7
2025-11-24 20:15:00,6.58
2025-11-24 20:30:00,14.34
2025-11-24 20:45:00,5.7
2025-11-24 21:00:00,8.61
2025-11-24 21:15:00,2.14
2025-11-24 21:30:00,19.72
2025-11-24 21:45:00,8.8
2025-11-24 22:00:00,10.48
2025-11-24 22:15:00,10.12
2025-11-24 22:30:00,3.39
2025-11-24 22:45:00,9.24
2025-11-24 23:00:00,31.52
2025-11-24 23:15:00,2.14
2025-11-24 23:30:00,6.27
2025-11-24 23:45:00,6.56
2025-11-25 00:00:00,3.22
2025-11-25 00:15:00,3.9
2025-11-25 00:30:00,3.05
2025-11-25 00:45:00,8.68
2025-11-25 01:00:00,8.84
2025-11-25 01:15:00,2.55
2025-11-25 01:30:00,2.13
2025-11-25 01:45:00,3.55
2025-11-25 02:00:00,22.39
2025-11-25 02:15:00,2.95
2025-11-25 02:30:00,7.81
2025-11-25 02:45:00,3.71
2025-11-25 03:00:00,4.5
2025-11-25 03:15:00,6.12
2025-11-25 03:30:00,6.14
2025-11-25 03:45:00,5.47
2025-11-25 04:00:00,4.63
2025-11-25 04:15:00,3.17
2025-11-25 04:30:00,6.19
2025-11-25 04:45:00,2.31
2025-11-25 05:00:00,3.24
2025-11-25 05:15:00,4.92
2025-11-25 05:30:00,8.17
2025-11-25 05:45:00,7.91
2025-11-25 06:00:00,7.14
2025-11-25 06:15:00,17.85
2025-11-25 06:30:00,13.85
2025-11-25 06:45:00,1.94
2025-11-25 07:00:00,13.68
2025-11-25 07:15:00,2.09
2025-11-25 07:30:00,11.53
2025-11-25 07:45:00,2.14
2025-11-25 08:00:00,4.08
2025-11-25 08:15:00,10.89
2025-11-25 08:30:00,5.63
2025-11-25 08:45:00,10.89
2025-11-25 09:00:00,11.64
2025-11-25 09:15:00,12.01
2025-11-25 09:30:00,5.59
2025-11-25 09:45:00,16.82
2025-11-25 10:00:00,7.3
2025-11-25 10:15:00,3.1
2025-11-25 10:30:00,8.23
2025-11-25 10:45:00,4.78
2025-11-25 11:00:00,11.35
2025-11-25 11:15:00,9.07
2025-11-25 11:30:00,9.99
2025-11-25 11:45:00,5.58
2025-11-25 12:00:00,3.11
2025-11-25 12:15:00,3.18
2025-11-25 12:30:00,6.16
2025-11-25 12:45:00,7.58
2025-11-25 13:00:00,8.14
2025-11-25 13:15:00,1.68
2025-11-25 13:30:00,9.77
2025-11-25 13:45:00,2.82
2025-11-25 14:00:00,2.69
2025-11-25 14:15:00,9.5
2025-11-25 14:30:00,2.05
2025-11-25 14:45:00,18.5
2025-11-25 15:00:00,1.94
2025-11-25 15:15:00,13.37
2025-11-25 15:30:00,6.21
2025-11-25 15:45:00,3.73
2025-11-25 16:00:00,3.34
2025-11-25 16:15:00,12.97
2025-11-25 16:30:00,9.3
2025-11-25 16:45:00,3.19
2025-11-25 17:00:00,10.6
2025-11-25 17:15:00,14.51
2025-11-25 17:30:00,6.49
2025-11-25 17:45:00,15.55
2025-11-25 18:00:00,12.35
2025-11-25 18:15:00,11.24
2025-11-25 18:30:00,11.01
2025-11-25 18:45:00,14.82
2025-11-25 19:00:00,18.35
2025-11-25 19:15:00,2.73
2025-11-25 19:30:00,25.32
2025-11-25 19:45:00,8.65
2025-11-25 20:00:00,8.75
2025-11-25 20:15:00,8.47
2025-11-25 20:30:00,6.39
2025-11-25 20:45:00,28.29
2025-11-25 21:00:00,2.42
2025-11-25 21:15:00,18.8
2025-11-25 21:30:00,2.57
2025-11-25 21:45:00,23.39
2025-11-25 22:00:00,6.6
2025-11-25 22:15:00,12.35
2025-11-25 22:30:00,20.0
2025-11-25 22:45:00,2.08
2025-11-25 23:00:00,10.4
2025-11-25 23:15:00,10.95
2025-11-25 23:30:00,4.45
2025-11-25 23:45:00,3.77
2025-11-26 00:00:00,4.91
2025-11-26 00:15:00,10.04
2025-11-26 00:30:00,12.84
2025-11-26 00:45:00,25.8
2025-11-26 01:00:00,5.69
2025-11-26 01:15:00,10.26
2025-11-26 01:30:00,14.27
2025-11-26 01:45:00,4.92
2025-11-26 02:00:00,5.85
2025-11-26 02:15:00,9.52
2025-11-26 02:30:00,2.87
2025-11-26 02:45:00,2.78
2025-11-26 03:00:00,3.32
2025-11-26 03:15:00,6.51
2025-11-26 03:30:00,8.56
2025-11-26 03:45:00,7.1
2025-11-26 04:00:00,30.79
2025-11-26 04:15:00,6.76
2025-11-26 04:30:00,6.65
2025-11-26 04:45:00,8.16
2025-11-26 05:00:00,16.01
2025-11-26 05:15:00,11.43
2025-11-26 05:30:00,8.78
2025-11-26 05:45:00,6.84
2025-11-26 06:00:00,8.27
2025-11-26 06:15:00,10.46
2025-11-26 06:30:00,11.04
2025-11-26 06:45:00,10.64
2025-11-26 07:00:00,3.36
2025-11-26 07:15:00,3.91
2025-11-26 07:30:00,7.28
2025-11-26 07:45:00,2.34
2025-11-26 08:00:00,10.09
2025-11-26 08:15:00,20.34
2025-11-26 08:30:00,14.25
2025-11-26 08:45:00,15.84
2025-11-26 09:00:00,13.98
2025-11-26 09:15:00,3.5
2025-11-26 09:30:00,16.56
2025-11-26 09:45:00,7.19
2025-11-26 10:00:00,4.71
2025-11-26 10:15:00,9.97
2025-11-26 10:30:00,2.84
2025-11-26 10:45:00,7.75
2025-11-26 11:00:00,8.8
2025-11-26 11:15:00,1.61
2025-11-26 11:30:00,7.39
2025-11-26 11:45:00,3.32
2025-11-26 12:00:00,8.59
2025-11-26 12:15:00,3.13
2025-11-26 12:30:00,7.22
2025-11-26 12:45:00,13.7
2025-11-26 13:00:00,2.95
2025-11-26 13:15:00,28.21
2025-11-26 13:30:00,2.75
2025-11-26 13:45:00,14.3
2025-11-26 14:00:00,3.34
2025-11-26 14:15:00,8.99
2025-11-26 14:30:00,8.44
2025-11-26 14:45:00,2.85
2025-11-26 15:00:00,10.28
2025-11-26 15:15:00,14.2
2025-11-26 15:30:00,6.69
2025-11-26 15:45:00,17.66
2025-11-26 16:00:00,10.68
2025-11-26 16:15:00,9.54
2025-11-26 16:30:00,3.64
2025-11-26 16:45:00,9.85
2025-11-26 17:00:00,17.57
2025-11-26 17:15:00,1.99
2025-11-26 17:30:00,18.84
2025-11-26 17:45:00,9.86
2025-11-26 18:00:00,18.41
2025-11-26 18:15:00,5.06
2025-11-26 18:30:00,26.97
2025-11-26 18:45:00,10.6
2025-11-26 19:00:00,7.49
2025-11-26 19:15:00,23.81
2025-11-26 19:30:00,15.26
2025-11-26 19:45:00,4.63
2025-11-26 20:00:00,8.63
2025-11-26 20:15:00,3.32
2025-11-26 20:30:00,16.67
2025-11-26 20:45:00,30.58
2025-11-26 21:00:00,13.34
2025-11-26 21:15:00,11.45
2025-11-26 21:30:00,2.09
2025-11-26 21:45:00,9.39
2025-11-26 22:00:00,14.89
2025-11-26 22:15:00,3.3
2025-11-26 22:30:00,9.64
2025-11-26 22:45:00,9.91
2025-11-26 23:00:00,3.75
2025-11-26 23:15:00,4.67
2025-11-26 23:30:00,1.93
2025-11-26 23:45:00,2.33
2025-11-27 00:00:00,7.29
2025-11-27 00:15:00,10.68
2025-11-27 00:30:00,6.69
2025-11-27 00:45:00,6.23
2025-11-27 01:00:00,4.68
2025-11-27 01:15:00,4.21
2025-11-27 01:30:00,8.82
2025-11-27 01:45:00,19.72
2025-11-27 02:00:00,16.63
2025-11-27 02:15:00,7.97
2025-11-27 02:30:00,5.7
2025-11-27 02:45:00,2.52
2025-11-27 03:00:00,11.67
2025-11-27 03:15:00,6.0
2025-11-27 03:30:00,3.11
2025-11-27 03:45:00,9.95
2025-11-27 04:00:00,7.56
2025-11-27 04:15:00,9.82
2025-11-27 04:30:00,9.76
2025-11-27 04:45:00,11.05
2025-11-27 05:00:00,9.22
2025-11-27 05:15:00,9.79
2025-11-27 05:30:00,9.33
2025-11-27 05:45:00,6.93
2025-11-27 06:00:00,15.9
2025-11-27 06:15:00,13.24
2025-11-27 06:30:00,10.24
2025-11-27 06:45:00,9.92
2025-11-27 07:00:00,7.35
2025-11-27 07:15:00,2.42
2025-11-27 07:30:00,13.77
2025-11-27 07:45:00,8.0
2025-11-27 08:00:00,13.51
2025-11-27 08:15:00,8.46
2025-11-27 08:30:00,12.05
2025-11-27 08:45:00,4.2
2025-11-27 09:00:00,11.52
2025-11-27 09:15:00,12.95
2025-11-27 09:30:00,11.03
2025-11-27 09:45:00,4.62
2025-11-27 10:00:00,6.24
2025-11-27 10:15:00,2.8
2025-11-27 10:30:00,5.71
2025-11-27 10:45:00,2.75
2025-11-27 11:00:00,3.71
2025-11-27 11:15:00,7.75
2025-11-27 11:30:00,9.45
2025-11-27 11:45:00,7.84
2025-11-27 12:00:00,9.11
2025-11-27 12:15:00,20.31
2025-11-27 12:30:00,4.32
2025-11-27 12:45:00,8.97
2025-11-27 13:00:00,2.99
2025-11-27 13:15:00,8.65
2025-11-27 13:30:00,3.88
2025-11-27 13:45:00,19.37
2025-11-27 14:00:00,9.84
2025-11-27 14:15:00,14.84
2025-11-27 14:30:00,7.58
2025-11-27 14:45:00,10.51
2025-11-27 15:00:00,41.55
2025-11-27 15:15:00,8.88
2025-11-27 15:30:00,13.89
2025-11-27 15:45:00,5.29
2025-11-27 16:00:00,9.88
2025-11-27 16:15:00,8.73
2025-11-27 16:30:00,2.78
2025-11-27 16:45:00,2.51
2025-11-27 17:00:00,23.53
2025-11-27 17:15:00,3.92
2025-11-27 17:30:00,16.07
2025-11-27 17:45:00,14.61
2025-11-27 18:00:00,18.28
2025-11-27 18:15:00,22.04
2025-11-27 18:30:00,6.86
2025-11-27 18:45:00,13.37
2025-11-27 19:00:00,12.44
2025-11-27 19:15:00,9.56
2025-11-27 19:30:00,10.51
2025-11-27 19:45:00,14.4
2025-11-27 20:00:00,8.54
2025-11-27 20:15:00,6.44
2025-11-27 20:30:00,8.9
2025-11-27 20:45:00,7.99
2025-11-27 21:00:00,12.11
2025-11-27 21:15:00,10.91
2025-11-27 21:30:00,6.41
2025-11-27 21:45:00,22.89
2025-11-27 22:00:00,12.82
2025-11-27 22:15:00,8.88
2025-11-27 22:30:00,5.07
2025-11-27 22:45:00,12.96
2025-11-27 23:00:00,8.23
2025-11-27 23:15:00,8.52
2025-11-27 23:30:00,2.76
2025-11-27 23:45:00,10.67
2025-11-28 00:00:00,11.2
2025-11-28 00:15:00,6.39
2025-11-28 00:30:00,5.18
2025-11-28 00:45:00,4.04
2025-11-28 01:00:00,9.46
2025-11-28 01:15:00,8.84
2025-11-28 01:30:00,10.45
2025-11-28 01:45:00,4.9
2025-11-28 02:00:00,13.27
2025-11-28 02:15:00,6.76
2025-11-28 02:30:00,7.61
2025-11-28 02:45:00,4.6
2025-11-28 03:00:00,9.17
2025-11-28 03:15:00,3.57
2025-11-28 03:30:00,9.61
2025-11-28 03:45:00,7.28
2025-11-28 04:00:00,8.41
2025-11-28 04:15:00,2.13
2025-11-28 04:30:00,5.24
2025-11-28 04:45:00,7.66
2025-11-28 05:00:00,10.11
2025-11-28 05:15:00,13.88
2025-11-28 05:30:00,7.7
2025-11-28 05:45:00,31.28
2025-11-28 06:00:00,9.68
2025-11-28 06:15:00,7.79
2025-11-28 06:30:00,10.35
2025-11-28 06:45:00,7.4
2025-11-28 07:00:00,12.08
2025-11-28 07:15:00,2.33
2025-11-28 07:30:00,8.2
2025-11-28 07:45:00,4.3
2025-11-28 08:00:00,7.59
2025-11-28 08:15:00,8.73
2025-11-28 08:30:00,16.53
2025-11-28 08:45:00,16.93
2025-11-28 09:00:00,5.96
2025-11-28 09:15:00,15.89
2025-11-28 09:30:00,9.4
2025-11-28 09:45:00,22.34
2025-11-28 10:00:00,3.26
2025-11-28 10:15:00,13.34
2025-11-28 10:30:00,12.37
2025-11-28 10:45:00,19.68
2025-11-28 11:00:00,7.16
2025-11-28 11:15:00,21.19
2025-11-28 11:30:00,14.21
2025-11-28 11:45:00,2.2
2025-11-28 12:00:00,13.26
2025-11-28 12:15:00,3.53
2025-11-28 12:30:00,8.69
2025-11-28 12:45:00,14.69
2025-11-28 13:00:00,9.17
2025-11-28 13:15:00,1.46
2025-11-28 13:30:00,5.86
2025-11-28 13:45:00,16.66
2025-11-28 14:00:00,6.99
2025-11-28 14:15:00,15.25
2025-11-28 14:30:00,9.3
2025-11-28 14:45:00,3.27
2025-11-28 15:00:00,7.7
2025-11-28 15:15:00,2.62
2025-11-28 15:30:00,7.53
2025-11-28 15:45:00,7.04
2025-11-28 16:00:00,3.17
2025-11-28 16:15:00,8.05
2025-11-28 16:30:00,9.42
2025-11-28 16:45:00,9.04
2025-11-28 17:00:00,14.95
2025-11-28 17:15:00,9.5
2025-11-28 17:30:00,15.02
2025-11-28 17:45:00,17.18
2025-11-28 18:00:00,17.99
2025-11-28 18:15:00,10.64
2025-11-28 18:30:00,21.62
2025-11-28 18:45:00,17.25
2025-11-28 19:00:00,15.58
2025-11-28 19:15:00,5.64
2025-11-28 19:30:00,1.41
2025-11-28 19:45:00,16.56
2025-11-28 20:00:00,2.7
2025-11-28 20:15:00,8.44
2025-11-28 20:30:00,7.68
2025-11-28 20:45:00,7.8
2025-11-28 21:00:00,7.91
2025-11-28 21:15:00,3.22
2025-11-28 21:30:00,12.93
2025-11-28 21:45:00,9.84
2025-11-28 22:00:00,1.57
2025-11-28 22:15:00,8.71
2025-11-28 22:30:00,6.7
2025-11-28 22:45:00,13.51
2025-11-28 23:00:00,6.84
2025-11-28 23:15:00,5.29
2025-11-28 23:30:00,33.54
2025-11-28 23:45:00,2.67
2025-11-29 00:00:00,7.13
2025-11-29 00:15:00,5.37
2025-11-29 00:30:00,1.13
2025-11-29 00:45:00,1.18
2025-11-29 01:00:00,4.25
2025-11-29 01:15:00,1.97
2025-11-29 01:30:00,5.03
2025-11-29 01:45:00,5.5
2025-11-29 02:00:00,7.92
2025-11-29 02:15:00,3.48
2025-11-29 02:30:00,2.55
2025-11-29 02:45:00,2.22
2025-11-29 03:00:00,5.8
2025-11-29 03:15:00,3.29
2025-11-29 03:30:00,6.09
2025-11-29 03:45:00,2.3
2025-11-29 04:00:00,12.17
2025-11-29 04:15:00,1.39
2025-11-29 04:30:00,3.5
2025-11-29 04:45:00,0.57
2025-11-29 05:00:00,2.3
2025-11-29 05:15:00,0.0
2025-11-29 05:30:00,1.43
2025-11-29 05:45:00,7.65
2025-11-29 06:00:00,3.71
2025-11-29 06:15:00,13.73
2025-11-29 06:30:00,0.0
2025-11-29 06:45:00,6.23
2025-11-29 07:00:00,11.37
2025-11-29 07:15:00,12.34
2025-11-29 07:30:00,5.08
2025-11-29 07:45:00,6.73
2025-11-29 08:00:00,6.9
2025-11-29 08:15:00,4.29
2025-11-29 08:30:00,10.73
2025-11-29 08:45:00,2.98
2025-11-29 09:00:00,4.32
2025-11-29 09:15:00,10.66
2025-11-29 09:30:00,24.79
2025-11-29 09:45:00,12.42
2025-11-29 10:00:00,7.88
2025-11-29 10:15:00,6.31
2025-11-29 10:30:00,7.45
2025-11-29 10:45:00,0.47
2025-11-29 11:00:00,8.9
2025-11-29 11:15:00,4.96
2025-11-29 11:30:00,3.66
2025-11-29 11:45:00,2.27
2025-11-29 12:00:00,0.0
2025-11-29 12:15:00,0.67
2025-11-29 12:30:00,3.85
2025-11-29 12:45:00,8.27
2025-11-29 13:00:00,14.99
2025-11-29 13:15:00,5.7
2025-11-29 13:30:00,5.42
2025-11-29 13:45:00,6.34
2025-11-29 14:00:00,3.49
2025-11-29 14:15:00,4.3
2025-11-29 14:30:00,4.64
2025-11-29 14:45:00,28.7
2025-11-29 15:00:00,4.5
2025-11-29 15:15:00,12.35
2025-11-29 15:30:00,6.07
2025-11-29 15:45:00,6.27
2025-11-29 16:00:00,5.05
2025-11-29 16:15:00,0.0
2025-11-29 16:30:00,7.31
2025-11-29 16:45:00,6.42
2025-11-29 17:00:00,24.46
2025-11-29 17:15:00,11.72
2025-11-29 17:30:00,14.9
2025-11-29 17:45:00,0.0
2025-11-29 18:00:00,0.74
2025-11-29 18:15:00,15.78
2025-11-29 18:30:00,8.19
2025-11-29 18:45:00,10.77
2025-11-29 19:00:00,8.98
2025-11-29 19:15:00,4.23
2025-11-29 19:30:00,1.93
2025-11-29 19:45:00,26.37
2025-11-29 20:00:00,5.7
2025-11-29 20:15:00,6.86
2025-11-29 20:30:00,6.19
2025-11-29 20:45:00,4.67
2025-11-29 21:00:00,0.9
2025-11-29 21:15:00,5.48
2025-11-29 21:30:00,6.76
2025-11-29 21:45:00,0.0
2025-11-29 22:00:00,7.75
2025-11-29 22:15:00,10.62
2025-11-29 22:30:00,8.0
2025-11-29 22:45:00,2.82
2025-11-29 23:00:00,16.21
2025-11-29 23:15:00,0.0
2025-11-29 23:30:00,5.32
2025-11-29 23:45:00,5.38
2025-11-30 00:00:00,6.85
2025-11-30 00:15:00,2.51
2025-11-30 00:30:00,1.91
2025-11-30 00:45:00,14.35
2025-11-30 01:00:00,15.86
2025-11-30 01:15:00,12.15
2025-11-30 01:30:00,3.96
2025-11-30 01:45:00,4.28
2025-11-30 02:00:00,5.05
2025-11-30 02:15:00,1.42
2025-11-30 02:30:00,0.0
2025-11-30 02:45:00,8.17
2025-11-30 03:00:00,18.3
2025-11-30 03:15:00,10.75
2025-11-30 03:30:00,12.98
2025-11-30 03:45:00,2.97
2025-11-30 04:00:00,5.74
2025-11-30 04:15:00,0.0
2025-11-30 04:30:00,2.49
2025-11-30 04:45:00,11.45
2025-11-30 05:00:00,4.47
2025-11-30 05:15:00,5.94
2025-11-30 05:30:00,5.82
2025-11-30 05:45:00,8.02
2025-11-30 06:00:00,17.07
2025-11-30 06:15:00,0.22
2025-11-30 06:30:00,0.08
2025-11-30 06:45:00,5.72
2025-11-30 07:00:00,12.33
2025-11-30 07:15:00,2.95
2025-11-30 07:30:00,0.04
2025-11-30 07:45:00,0.0
2025-11-30 08:00:00,9.67
2025-11-30 08:15:00,11.57
2025-11-30 08:30:00,1.18
2025-11-30 08:45:00,5.93
2025-11-30 09:00:00,5.81
2025-11-30 09:15:00,12.25
2025-11-30 09:30:00,17.97
2025-11-30 09:45:00,6.48
2025-11-30 10:00:00,15.66
2025-11-30 10:15:00,7.9
2025-11-30 10:30:00,9.22
2025-11-30 10:45:00,8.56
2025-11-30 11:00:00,8.97
2025-11-30 11:15:00,6.2
2025-11-30 11:30:00,0.0
2025-11-30 11:45:00,1.33
2025-11-30 12:00:00,18.37
2025-11-30 12:15:00,0.0
2025-11-30 12:30:00,5.72
2025-11-30 12:45:00,35.11
2025-11-30 13:00:00,3.03
2025-11-30 13:15:00,0.0
2025-11-30 13:30:00,3.81
2025-11-30 13:45:00,26.78
2025-11-30 14:00:00,0.0
2025-11-30 14:15:00,4.99
2025-11-30 14:30:00,18.49
2025-11-30 14:45:00,6.41
2025-11-30 15:00:00,2.27
2025-11-30 15:15:00,4.43
2025-11-30 15:30:00,15.34
2025-11-30 15:45:00,7.04
2025-11-30 16:00:00,3.04
2025-11-30 16:15:00,4.36
2025-11-30 16:30:00,15.56
2025-11-30 16:45:00,1.57
2025-11-30 17:00:00,32.47
2025-11-30 17:15:00,5.2
2025-11-30 17:30:00,12.7
2025-11-30 17:45:00,5.67
2025-11-30 18:00:00,7.18
2025-11-30 18:15:00,15.17
2025-11-30 18:30:00,8.99
2025-11-30 18:45:00,15.87
2025-11-30 19:00:00,10.33
2025-11-30 19:15:00,22.16
2025-11-30 19:30:00,4.98
2025-11-30 19:45:00,17.81
2025-11-30 20:00:00,3.39
2025-11-30 20:15:00,9.78
2025-11-30 20:30:00,8.1
2025-11-30 20:45:00,0.0
2025-11-30 21:00:00,4.32
2025-11-30 21:15:00,8.73
2025-11-30 21:30:00,3.53
2025-11-30 21:45:00,6.17
2025-11-30 22:00:00,10.35
2025-11-30 22:15:00,5.43
2025-11-30 22:30:00,5.28
2025-11-30 22:45:00,0.23
2025-11-30 23:00:00,7.48
2025-11-30 23:15:00,0.0
2025-11-30 23:30:00,1.04
2025-11-30 23:45:00,0.24
2025-12-01 00:00:00,5.42
2025-12-01 00:15:00,6.18
2025-12-01 00:30:00,19.59
2025-12-01 00:45:00,6.59
2025-12-01 01:00:00,2.5
2025-12-01 01:15:00,7.6
2025-12-01 01:30:00,7.68
2025-12-01 01:45:00,12.52
2025-12-01 02:00:00,4.29
2025-12-01 02:15:00,13.04
2025-12-01 02:30:00,9.35
2025-12-01 02:45:00,11.1
2025-12-01 03:00:00,13.92
2025-12-01 03:15:00,7.14
2025-12-01 03:30:00,4.04
2025-12-01 03:45:00,5.88
2025-12-01 04:00:00,7.73
2025-12-01 04:15:00,9.5
2025-12-01 04:30:00,11.02
2025-12-01 04:45:00,4.62
2025-12-01 05:00:00,3.91
2025-12-01 05:15:00,2.29
2025-12-01 05:30:00,9.56
2025-12-01 05:45:00,6.13
2025-12-01 06:00:00,2.47
2025-12-01 06:15:00,13.1
2025-12-01 06:30:00,8.59
2025-12-01 06:45:00,9.99
2025-12-01 07:00:00,6.65
2025-12-01 07:15:00,5.62
2025-12-01 07:30:00,10.13
2025-12-01 07:45:00,8.23
2025-12-01 08:00:00,6.05
2025-12-01 08:15:00,4.04
2025-12-01 08:30:00,12.74
2025-12-01 08:45:00,3.69
2025-12-01 09:00:00,12.64
2025-12-01 09:15:00,10.4
2025-12-01 09:30:00,13.41
2025-12-01 09:45:00,6.63
2025-12-01 10:00:00,5.8
2025-12-01 10:15:00,10.2
2025-12-01 10:30:00,9.74
2025-12-01 10:45:00,4.41
2025-12-01 11:00:00,10.25
2025-12-01 11:15:00,8.2
2025-12-01 11:30:00,7.18
2025-12-01 11:45:00,2.78
2025-12-01 12:00:00,10.66
2025-12-01 12:15:00,3.17
2025-12-01 12:30:00,10.16
2025-12-01 12:45:00,23.27
2025-12-01 13:00:00,6.42
2025-12-01 13:15:00,6.49
2025-12-01 13:30:00,9.42
2025-12-01 13:45:00,14.84
2025-12-01 14:00:00,7.89
2025-12-01 14:15:00,3.91
2025-12-01 14:30:00,10.57
2025-12-01 14:45:00,8.41
2025-12-01 15:00:00,16.05
2025-12-01 15:15:00,8.74
2025-12-01 15:30:00,10.87
2025-12-01 15:45:00,11.81
2025-12-01 16:00:00,15.02
2025-12-01 16:15:00,10.34
2025-12-01 16:30:00,1.89
2025-12-01 16:45:00,7.07
2025-12-01 17:00:00,16.45
2025-12-01 17:15:00,12.44
2025-12-01 17:30:00,15.7
2025-12-01 17:45:00,9.29
2025-12-01 18:00:00,8.68
2025-12-01 18:15:00,26.78
2025-12-01 18:30:00,8.11
2025-12-01 18:45:00,10.62
2025-12-01 19:00:00,2.46
2025-12-01 19:15:00,17.33
2025-12-01 19:30:00,3.3
2025-12-01 19:45:00,7.53
2025-12-01 20:00:00,4.99
2025-12-01 20:15:00,8.65
2025-12-01 20:30:00,4.23
2025-12-01 20:45:00,8.33
2025-12-01 21:00:00,3.07
2025-12-01 21:15:00,22.2
2025-12-01 21:30:00,7.25
2025-12-01 21:45:00,25.45
2025-12-01 22:00:00,8.23
2025-12-01 22:15:00,9.57
2025-12-01 22:30:00,6.68
2025-12-01 22:45:00,7.38
2025-12-01 23:00:00,12.57
2025-12-01 23:15:00,3.64
2025-12-01 23:30:00,2.66
2025-12-01 23:45:00,7.0
2025-12-02 00:00:00,6.04
2025-12-02 00:15:00,7.17
2025-12-02 00:30:00,4.98
2025-12-02 00:45:00,1.81
2025-12-02 01:00:00,9.06
2025-12-02 01:15:00,22.05
2025-12-02 01:30:00,4.7
2025-12-02 01:45:00,8.27
2025-12-02 02:00:00,5.93
2025-12-02 02:15:00,5.31
2025-12-02 02:30:00,3.08
2025-12-02 02:45:00,4.38
2025-12-02 03:00:00,18.67
2025-12-02 03:15:00,7.68
2025-12-02 03:30:00,4.92
2025-12-02 03:45:00,4.7
2025-12-02 04:00:00,18.57
2025-12-02 04:15:00,2.12
2025-12-02 04:30:00,9.49
2025-12-02 04:45:00,17.02
2025-12-02 05:00:00,8.73
2025-12-02 05:15:00,2.29
2025-12-02 05:30:00,7.87
2025-12-02 05:45:00,7.86
2025-12-02 06:00:00,9.17
2025-12-02 06:15:00,5.27
2025-12-02 06:30:00,13.85
2025-12-02 06:45:00,14.7
2025-12-02 07:00:00,8.79
2025-12-02 07:15:00,1.6
2025-12-02 07:30:00,16.3
2025-12-02 07:45:00,16.47
2025-12-02 08:00:00,5.69
2025-12-02 08:15:00,21.45
2025-12-02 08:30:00,13.41
2025-12-02 08:45:00,9.9
2025-12-02 09:00:00,2.5
2025-12-02 09:15:00,8.39
2025-12-02 09:30:00,12.48
2025-12-02 09:45:00,12.8
2025-12-02 10:00:00,9.74
2025-12-02 10:15:00,19.06
2025-12-02 10:30:00,18.88
2025-12-02 10:45:00,8.54
2025-12-02 11:00:00,9.58
2025-12-02 11:15:00,10.22
2025-12-02 11:30:00,2.47
2025-12-02 11:45:00,15.79
2025-12-02 12:00:00,2.64
2025-12-02 12:15:00,9.33
2025-12-02 12:30:00,14.31
2025-12-02 12:45:00,14.92
2025-12-02 13:00:00,10.0
2025-12-02 13:15:00,2.44
2025-12-02 13:30:00,7.04
2025-12-02 13:45:00,9.71
2025-12-02 14:00:00,9.6
2025-12-02 14:15:00,7.88
2025-12-02 14:30:00,15.1
2025-12-02 14:45:00,9.35
2025-12-02 15:00:00,19.76
2025-12-02 15:15:00,3.2
2025-12-02 15:30:00,7.55
2025-12-02 15:45:00,8.56
2025-12-02 16:00:00,19.58
2025-12-02 16:15:00,6.72
2025-12-02 16:30:00,7.97
2025-12-02 16:45:00,6.7
2025-12-02 17:00:00,11.15
2025-12-02 17:15:00,7.22
2025-12-02 17:30:00,12.39
2025-12-02 17:45:00,10.83
2025-12-02 18:00:00,12.26
2025-12-02 18:15:00,11.85
2025-12-02 18:30:00,3.81
2025-12-02 18:45:00,17.95
2025-12-02 19:00:00,2.77
2025-12-02 19:15:00,10.87
2025-12-02 19:30:00,3.69
2025-12-02 19:45:00,7.27
2025-12-02 20:00:00,8.11
2025-12-02 20:15:00,7.99
2025-12-02 20:30:00,3.58
2025-12-02 20:45:00,8.42
2025-12-02 21:00:00,7.28
2025-12-02 21:15:00,6.77
2025-12-02 21:30:00,1.75
2025-12-02 21:45:00,16.27
2025-12-02 22:00:00,6.91
2025-12-02 22:15:00,18.2
2025-12-02 22:30:00,43.27
2025-12-02 22:45:00,9.17
2025-12-02 23:00:00,8.79
2025-12-02 23:15:00,7.4
2025-12-02 23:30:00,8.63
2025-12-02 23:45:00,2.38
2025-12-03 00:00:00,6.48
2025-12-03 00:15:00,9.75
2025-12-03 00:30:00,9.04
2025-12-03 00:45:00,8.86
2025-12-03 01:00:00,11.57
2025-12-03 01:15:00,16.95
2025-12-03 01:30:00,2.0
2025-12-03 01:45:00,3.64
2025-12-03 02:00:00,4.53
2025-12-03 02:15:00,5.21
2025-12-03 02:30:00,3.28
2025-12-03 02:45:00,4.48
2025-12-03 03:00:00,4.91
2025-12-03 03:15:00,4.84
2025-12-03 03:30:00,7.31
2025-12-03 03:45:00,5.5
2025-12-03 04:00:00,9.74
2025-12-03 04:15:00,7.33
2025-12-03 04:30:00,7.13
2025-12-03 04:45:00,6.59
2025-12-03 05:00:00,3.35
2025-12-03 05:15:00,10.8
2025-12-03 05:30:00,7.3
2025-12-03 05:45:00,19.76
2025-12-03 06:00:00,13.09
2025-12-03 06:15:00,18.09
2025-12-03 06:30:00,9.92
2025-12-03 06:45:00,19.31
2025-12-03 07:00:00,9.83
2025-12-03 07:15:00,10.07
2025-12-03 07:30:00,9.2
2025-12-03 07:45:00,16.06
2025-12-03 08:00:00,13.02
2025-12-03 08:15:00,11.12
2025-12-03 08:30:00,5.36
2025-12-03 08:45:00,2.44
2025-12-03 09:00:00,18.18
2025-12-03 09:15:00,2.9
2025-12-03 09:30:00,21.44
2025-12-03 09:45:00,11.53
2025-12-03 10:00:00,9.88
2025-12-03 10:15:00,6.29
2025-12-03 10:30:00,5.31
2025-12-03 10:45:00,2.69
2025-12-03 11:00:00,2.86
2025-12-03 11:15:00,9.53
2025-12-03 11:30:00,9.17
2025-12-03 11:45:00,8.89
2025-12-03 12:00:00,2.88
2025-12-03 12:15:00,6.8
2025-12-03 12:30:00,13.46
2025-12-03 12:45:00,2.32
2025-12-03 13:00:00,8.26
2025-12-03 13:15:00,9.56
2025-12-03 13:30:00,9.1
2025-12-03 13:45:00,2.77
2025-12-03 14:00:00,6.48
2025-12-03 14:15:00,10.3
2025-12-03 14:30:00,7.9
2025-12-03 14:45:00,11.67
2025-12-03 15:00:00,7.23
2025-12-03 15:15:00,1.77
2025-12-03 15:30:00,6.44
2025-12-03 15:45:00,7.78
2025-12-03 16:00:00,9.03
2025-12-03 16:15:00,8.14
2025-12-03 16:30:00,19.13
2025-12-03 16:45:00,8.8
2025-12-03 17:00:00,12.67
2025-12-03 17:15:00,23.16
2025-12-03 17:30:00,12.3
2025-12-03 17:45:00,17.6
2025-12-03 18:00:00,9.66
2025-12-03 18:15:00,9.34
2025-12-03 18:30:00,21.55
2025-12-03 18:45:00,15.7
2025-12-03 19:00:00,2.47
2025-12-03 19:15:00,6.77
2025-12-03 19:30:00,7.0
2025-12-03 19:45:00,8.83
2025-12-03 20:00:00,2.46
2025-12-03 20:15:00,13.02
2025-12-03 20:30:00,13.69
2025-12-03 20:45:00,2.77
2025-12-03 21:00:00,8.91
2025-12-03 21:15:00,18.31
2025-12-03 21:30:00,2.21
2025-12-03 21:45:00,10.77
2025-12-03 22:00:00,23.18
2025-12-03 22:15:00,2.33
2025-12-03 22:30:00,7.17
2025-12-03 22:45:00,6.03
2025-12-03 23:00:00,10.27
2025-12-03 23:15:00,6.63
2025-12-03 23:30:00,3.27
2025-12-03 23:45:00,16.39
2025-12-04 00:00:00,5.97
2025-12-04 00:15:00,2.77
2025-12-04 00:30:00,2.87
2025-12-04 00:45:00,23.72
2025-12-04 01:00:00,4.84
2025-12-04 01:15:00,3.66
2025-12-04 01:30:00,4.36
2025-12-04 01:45:00,4.62
2025-12-04 02:00:00,8.04
2025-12-04 02:15:00,17.81
2025-12-04 02:30:00,4.05
2025-12-04 02:45:00,18.44
2025-12-04 03:00:00,7.43
2025-12-04 03:15:00,14.79
2025-12-04 03:30:00,7.75
2025-12-04 03:45:00,4.98
2025-12-04 04:00:00,4.25
2025-12-04 04:15:00,8.25
2025-12-04 04:30:00,3.51
2025-12-04 04:45:00,3.65
2025-12-04 05:00:00,2.7
2025-12-04 05:15:00,4.25
2025-12-04 05:30:00,3.2
2025-12-04 05:45:00,7.48
2025-12-04 06:00:00,9.81
2025-12-04 06:15:00,16.5
2025-12-04 06:30:00,8.14
2025-12-04 06:45:00,6.11
2025-12-04 07:00:00,3.4
2025-12-04 07:15:00,26.73
2025-12-04 07:30:00,5.24
2025-12-04 07:45:00,19.8
2025-12-04 08:00:00,10.65
2025-12-04 08:15:00,11.62
2025-12-04 08:30:00,11.97
2025-12-04 08:45:00,14.09
2025-12-04 09:00:00,20.19
2025-12-04 09:15:00,13.28
2025-12-04 09:30:00,5.69
2025-12-04 09:45:00,5.4
2025-12-04 10:00:00,15.51
2025-12-04 10:15:00,14.61
2025-12-04 10:30:00,14.08
2025-12-04 10:45:00,9.64
2025-12-04 11:00:00,2.5
2025-12-04 11:15:00,2.08
2025-12-04 11:30:00,8.7
2025-12-04 11:45:00,2.8
2025-12-04 12:00:00,2.19
2025-12-04 12:15:00,2.27
2025-12-04 12:30:00,6.87
2025-12-04 12:45:00,20.52
2025-12-04 13:00:00,10.4
2025-12-04 13:15:00,1.94
2025-12-04 13:30:00,12.93
2025-12-04 13:45:00,3.02
2025-12-04 14:00:00,7.98
2025-12-04 14:15:00,9.62
2025-12-04 14:30:00,9.61
2025-12-04 14:45:00,9.51
2025-12-04 15:00:00,13.04
2025-12-04 15:15:00,7.57
2025-12-04 15:30:00,19.23
2025-12-04 15:45:00,2.22
2025-12-04 16:00:00,4.05
2025-12-04 16:15:00,13.25
2025-12-04 16:30:00,23.59
2025-12-04 16:45:00,13.81
2025-12-04 17:00:00,7.98
2025-12-04 17:15:00,15.58
2025-12-04 17:30:00,16.41
2025-12-04 17:45:00,4.78
2025-12-04 18:00:00,3.36
2025-12-04 18:15:00,14.78
2025-12-04 18:30:00,10.74
2025-12-04 18:45:00,12.22
2025-12-04 19:00:00,4.7
2025-12-04 19:15:00,20.77
2025-12-04 19:30:00,2.61
2025-12-04 19:45:00,3.75
2025-12-04 20:00:00,10.0
2025-12-04 20:15:00,2.75
2025-12-04 20:30:00,17.15
2025-12-04 20:45:00,6.66
2025-12-04 21:00:00,9.29
2025-12-04 21:15:00,3.24
2025-12-04 21:30:00,7.13
2025-12-04 21:45:00,8.04
2025-12-04 22:00:00,8.5
2025-12-04 22:15:00,4.45
2025-12-04 22:30:00,6.99
2025-12-04 22:45:00,14.84
2025-12-04 23:00:00,4.09
2025-12-04 23:15:00,10.72
2025-12-04 23:30:00,1.73
2025-12-04 23:45:00,7.21
2025-12-05 00:00:00,15.91
2025-12-05 00:15:00,21.9
2025-12-05 00:30:00,16.42
2025-12-05 00:45:00,7.21
2025-12-05 01:00:00,7.24
2025-12-05 01:15:00,3.32
2025-12-05 01:30:00,1.74
2025-12-05 01:45:00,12.95
2025-12-05 02:00:00,2.88
2025-12-05 02:15:00,12.62
2025-12-05 02:30:00,2.59
2025-12-05 02:45:00,5.11
2025-12-05 03:00:00,6.79
2025-12-05 03:15:00,9.36
2025-12-05 03:30:00,2.59
2025-12-05 03:45:00,18.6
2025-12-05 04:00:00,6.02
2025-12-05 04:15:00,10.01
2025-12-05 04:30:00,3.77
2025-12-05 04:45:00,2.54
2025-12-05 05:00:00,6.62
2025-12-05 05:15:00,16.4
2025-12-05 05:30:00,12.71
2025-12-05 05:45:00,18.27
2025-12-05 06:00:00,9.59
2025-12-05 06:15:00,3.5
2025-12-05 06:30:00,6.39
2025-12-05 06:45:00,21.77
2025-12-05 07:00:00,6.92
2025-12-05 07:15:00,4.0
2025-12-05 07:30:00,11.01
2025-12-05 07:45:00,10.03
2025-12-05 08:00:00,2.74
2025-12-05 08:15:00,5.26
2025-12-05 08:30:00,11.4
2025-12-05 08:45:00,11.58
2025-12-05 09:00:00,12.26
2025-12-05 09:15:00,6.97
2025-12-05 09:30:00,4.76
2025-12-05 09:45:00,10.73
2025-12-05 10:00:00,4.08
2025-12-05 10:15:00,18.04
2025-12-05 10:30:00,14.61
2025-12-05 10:45:00,8.83
2025-12-05 11:00:00,7.18
2025-12-05 11:15:00,7.34
2025-12-05 11:30:00,2.18
2025-12-05 11:45:00,5.93
2025-12-05 12:00:00,9.12
2025-12-05 12:15:00,1.41
2025-12-05 12:30:00,3.02
2025-12-05 12:45:00,2.94
2025-12-05 13:00:00,9.05
2025-12-05 13:15:00,2.98
2025-12-05 13:30:00,6.05
2025-12-05 13:45:00,17.54
2025-12-05 14:00:00,8.94
2025-12-05 14:15:00,9.66
2025-12-05 14:30:00,3.34
2025-12-05 14:45:00,1.39
2025-12-05 15:00:00,6.81
2025-12-05 15:15:00,7.62
2025-12-05 15:30:00,8.12
2025-12-05 15:45:00,3.13
2025-12-05 16:00:00,9.6
2025-12-05 16:15:00,9.03
2025-12-05 16:30:00,13.43
2025-12-05 16:45:00,1.73
2025-12-05 17:00:00,9.9
2025-12-05 17:15:00,18.54
2025-12-05 17:30:00,15.59
2025-12-05 17:45:00,10.54
2025-12-05 18:00:00,14.53
2025-12-05 18:15:00,13.54
2025-12-05 18:30:00,15.72
2025-12-05 18:45:00,8.59
2025-12-05 19:00:00,7.39
2025-12-05 19:15:00,2.57
2025-12-05 19:30:00,16.44
2025-12-05 19:45:00,3.97
2025-12-05 20:00:00,9.42
2025-12-05 20:15:00,8.32
2025-12-05 20:30:00,19.38
2025-12-05 20:45:00,7.22
2025-12-05 21:00:00,32.81
2025-12-05 21:15:00,8.48
2025-12-05 21:30:00,2.95
2025-12-05 21:45:00,6.84
2025-12-05 22:00:00,5.84
2025-12-05 22:15:00,9.01
2025-12-05 22:30:00,10.03
2025-12-05 22:45:00,7.13
2025-12-05 23:00:00,9.76
2025-12-05 23:15:00,6.34
2025-12-05 23:30:00,7.11
2025-12-05 23:45:00,3.75
2025-12-06 00:00:00,0.0
2025-12-06 00:15:00,4.08
2025-12-06 00:30:00,0.06
2025-12-06 00:45:00,6.58
2025-12-06 01:00:00,3.6
2025-12-06 01:15:00,5.86
2025-12-06 01:30:00,0.0
2025-12-06 01:45:00,10.68
2025-12-06 02:00:00,1.9
2025-12-06 02:15:00,1.9
2025-12-06 02:30:00,21.03
2025-12-06 02:45:00,1.74
2025-12-06 03:00:00,2.84
2025-12-06 03:15:00,1.72
2025-12-06 03:30:00,12.69
2025-12-06 03:45:00,9.94
2025-12-06 04:00:00,14.4
2025-12-06 04:15:00,17.16
2025-12-06 04:30:00,2.18
2025-12-06 04:45:00,8.35
2025-12-06 05:00:00,0.0
2025-12-06 05:15:00,16.92
2025-12-06 05:30:00,12.69
2025-12-06 05:45:00,25.51
2025-12-06 06:00:00,7.27
2025-12-06 06:15:00,9.72
2025-12-06 06:30:00,22.86
2025-12-06 06:45:00,1.06
2025-12-06 07:00:00,2.12
2025-12-06 07:15:00,6.35
2025-12-06 07:30:00,1.03
2025-12-06 07:45:00,6.71
2025-12-06 08:00:00,15.91
2025-12-06 08:15:00,0.51
2025-12-06 08:30:00,3.61
2025-12-06 08:45:00,12.03
2025-12-06 09:00:00,9.28
2025-12-06 09:15:00,11.83
2025-12-06 09:30:00,6.21
2025-12-06 09:45:00,6.56
2025-12-06 10:00:00,4.63
2025-12-06 10:15:00,5.91
2025-12-06 10:30:00,12.26
2025-12-06 10:45:00,6.82
2025-12-06 11:00:00,4.49
2025-12-06 11:15:00,5.91
2025-12-06 11:30:00,1.05
2025-12-06 11:45:00,12.41
2025-12-06 12:00:00,0.0
2025-12-06 12:15:00,5.67
2025-12-06 12:30:00,2.41
2025-12-06 12:45:00,3.42
2025-12-06 13:00:00,17.51
2025-12-06 13:15:00,3.39
2025-12-06 13:30:00,5.68
2025-12-06 13:45:00,0.0
2025-12-06 14:00:00,8.38
2025-12-06 14:15:00,5.4
2025-12-06 14:30:00,1.66
2025-12-06 14:45:00,0.52
2025-12-06 15:00:00,0.0
2025-12-06 15:15:00,12.54
2025-12-06 15:30:00,0.0
2025-12-06 15:45:00,8.49
2025-12-06 16:00:00,8.48
2025-12-06 16:15:00,10.36
2025-12-06 16:30:00,7.19
2025-12-06 16:45:00,4.39
2025-12-06 17:00:00,13.16
2025-12-06 17:15:00,17.53
2025-12-06 17:30:00,6.26
2025-12-06 17:45:00,19.07
2025-12-06 18:00:00,8.4
2025-12-06 18:15:00,17.9
2025-12-06 18:30:00,15.7
2025-12-06 18:45:00,18.95
2025-12-06 19:00:00,4.42
2025-12-06 19:15:00,12.25
2025-12-06 19:30:00,16.57
2025-12-06 19:45:00,5.32
2025-12-06 20:00:00,1.02
2025-12-06 20:15:00,5.68
2025-12-06 20:30:00,10.4
2025-12-06 20:45:00,0.0
2025-12-06 21:00:00,6.98
2025-12-06 21:15:00,5.7
2025-12-06 21:30:00,5.07
2025-12-06 21:45:00,4.78
2025-12-06 22:00:00,7.21
2025-12-06 22:15:00,16.85
2025-12-06 22:30:00,5.72
2025-12-06 22:45:00,5.24
2025-12-06 23:00:00,5.49
2025-12-06 23:15:00,3.83
2025-12-06 23:30:00,2.75
2025-12-06 23:45:00,0.85
2025-12-07 00:00:00,1.5
2025-12-07 00:15:00,0.63
2025-12-07 00:30:00,11.66
2025-12-07 00:45:00,0.96
2025-12-07 01:00:00,0.24
2025-12-07 01:15:00,11.6
2025-12-07 01:30:00,10.07
2025-12-07 01:45:00,2.17
2025-12-07 02:00:00,0.0
2025-12-07 02:15:00,5.91
2025-12-07 02:30:00,4.79
2025-12-07 02:45:00,0.0
2025-12-07 03:00:00,3.15
2025-12-07 03:15:00,4.98
2025-12-07 03:30:00,2.96
2025-12-07 03:45:00,1.4
2025-12-07 04:00:00,5.46
2025-12-07 04:15:00,4.24
2025-12-07 04:30:00,1.98
2025-12-07 04:45:00,5.21
2025-12-07 05:00:00,5.42
2025-12-07 05:15:00,16.43
2025-12-07 05:30:00,5.35
2025-12-07 05:45:00,18.11
2025-12-07 06:00:00,12.7
2025-12-07 06:15:00,0.0
2025-12-07 06:30:00,6.24
2025-12-07 06:45:00,0.15
2025-12-07 07:00:00,6.86
2025-12-07 07:15:00,4.66
2025-12-07 07:30:00,5.99
2025-12-07 07:45:00,5.57
2025-12-07 08:00:00,11.95
2025-12-07 08:15:00,12.75
2025-12-07 08:30:00,6.36
2025-12-07 08:45:00,21.3
2025-12-07 09:00:00,0.0
2025-12-07 09:15:00,15.59
2025-12-07 09:30:00,0.55
2025-12-07 09:45:00,14.75
2025-12-07 10:00:00,8.25
2025-12-07 10:15:00,6.15
2025-12-07 10:30:00,2.75
2025-12-07 10:45:00,8.45
2025-12-07 11:00:00,3.37
2025-12-07 11:15:00,0.52
2025-12-07 11:30:00,6.16
2025-12-07 11:45:00,27.97
2025-12-07 12:00:00,26.93
2025-12-07 12:15:00,8.58
2025-12-07 12:30:00,2.52
2025-12-07 12:45:00,0.0
2025-12-07 13:00:00,6.57
2025-12-07 13:15:00,6.51
2025-12-07 13:30:00,7.95
2025-12-07 13:45:00,2.48
2025-12-07 14:00:00,21.09
2025-12-07 14:15:00,0.37
2025-12-07 14:30:00,7.38
2025-12-07 14:45:00,1.28
2025-12-07 15:00:00,2.44
2025-12-07 15:15:00,4.13
2025-12-07 15:30:00,0.11
2025-12-07 15:45:00,5.21
2025-12-07 16:00:00,2.2
2025-12-07 16:15:00,1.09
2025-12-07 16:30:00,6.67
2025-12-07 16:45:00,6.26
2025-12-07 17:00:00,6.06
2025-12-07 17:15:00,1.55
2025-12-07 17:30:00,0.0
2025-12-07 17:45:00,0.0
2025-12-07 18:00:00,6.68
2025-12-07 18:15:00,15.7
2025-12-07 18:30:00,12.18
2025-12-07 18:45:00,1.42
2025-12-07 19:00:00,0.17
2025-12-07 19:15:00,5.65
2025-12-07 19:30:00,3.8
2025-12-07 19:45:00,9.06
2025-12-07 20:00:00,6.24
2025-12-07 20:15:00,5.47
2025-12-07 20:30:00,0.0
2025-12-07 20:45:00,5.4
2025-12-07 21:00:00,0.27
2025-12-07 21:15:00,0.0
2025-12-07 21:30:00,2.54
2025-12-07 21:45:00,18.42
2025-12-07 22:00:00,0.0
2025-12-07 22:15:00,0.0
2025-12-07 22:30:00,0.0
2025-12-07 22:45:00,6.48
2025-12-07 23:00:00,10.04
2025-12-07 23:15:00,3.26
2025-12-07 23:30:00,4.1
2025-12-07 23:45:00,3.17
2025-12-08 00:00:00,7.25
2025-12-08 00:15:00,2.77
2025-12-08 00:30:00,8.27
2025-12-08 00:45:00,3.99
2025-12-08 01:00:00,19.88
2025-12-08 01:15:00,3.37
2025-12-08 01:30:00,5.13
2025-12-08 01:45:00,8.98
2025-12-08 02:00:00,3.76
2025-12-08 02:15:00,7.71
2025-12-08 02:30:00,5.99
2025-12-08 02:45:00,7.95
2025-12-08 03:00:00,6.78
2025-12-08 03:15:00,6.82
2025-12-08 03:30:00,4.99
2025-12-08 03:45:00,3.36
2025-12-08 04:00:00,10.24
2025-12-08 04:15:00,3.35
2025-12-08 04:30:00,2.71
2025-12-08 04:45:00,2.78
2025-12-08 05:00:00,6.31
2025-12-08 05:15:00,6.39
2025-12-08 05:30:00,12.57
2025-12-08 05:45:00,2.44
2025-12-08 06:00:00,6.71
2025-12-08 06:15:00,3.79
2025-12-08 06:30:00,3.07
2025-12-08 06:45:00,6.64
2025-12-08 07:00:00,6.48
2025-12-08 07:15:00,8.79
2025-12-08 07:30:00,2.42
2025-12-08 07:45:00,15.62
2025-12-08 08:00:00,15.24
2025-12-08 08:15:00,5.08
2025-12-08 08:30:00,5.19
2025-12-08 08:45:00,3.05
2025-12-08 09:00:00,11.8
2025-12-08 09:15:00,4.27
2025-12-08 09:30:00,27.8
2025-12-08 09:45:00,13.51
2025-12-08 10:00:00,7.17
2025-12-08 10:15:00,2.33
2025-12-08 10:30:00,10.3
2025-12-08 10:45:00,2.63
2025-12-08 11:00:00,8.78
2025-12-08 11:15:00,3.53
2025-12-08 11:30:00,20.96
2025-12-08 11:45:00,9.49
2025-12-08 12:00:00,10.63
2025-12-08 12:15:00,10.36
2025-12-08 12:30:00,26.96
2025-12-08 12:45:00,12.6
2025-12-08 13:00:00,9.47
2025-12-08 13:15:00,7.16
2025-12-08 13:30:00,6.13
2025-12-08 13:45:00,25.57
2025-12-08 14:00:00,5.27
2025-12-08 14:15:00,3.46
2025-12-08 14:30:00,8.66
2025-12-08 14:45:00,19.17
2025-12-08 15:00:00,9.84
2025-12-08 15:15:00,10.4
2025-12-08 15:30:00,16.69
2025-12-08 15:45:00,6.93
2025-12-08 16:00:00,8.74
2025-12-08 16:15:00,9.94
2025-12-08 16:30:00,12.18
2025-12-08 16:45:00,7.41
2025-12-08 17:00:00,8.0
2025-12-08 17:15:00,2.22
2025-12-08 17:30:00,4.13
2025-12-08 17:45:00,13.2
2025-12-08 18:00:00,6.06
2025-12-08 18:15:00,15.86
2025-12-08 18:30:00,10.76
2025-12-08 18:45:00,20.63
2025-12-08 19:00:00,13.26
2025-12-08 19:15:00,15.55
2025-12-08 19:30:00,17.13
2025-12-08 19:45:00,6.92
2025-12-08 20:00:00,2.97
2025-12-08 20:15:00,10.26
2025-12-08 20:30:00,17.91
2025-12-08 20:45:00,10.34
2025-12-08 21:00:00,8.32
2025-12-08 21:15:00,2.19
2025-12-08 21:30:00,9.63
2025-12-08 21:45:00,1.48
2025-12-08 22:00:00,2.73
2025-12-08 22:15:00,5.38
2025-12-08 22:30:00,3.2
2025-12-08 22:45:00,6.03
2025-12-08 23:00:00,33.63
2025-12-08 23:15:00,2.84
2025-12-08 23:30:00,12.9
2025-12-08 23:45:00,1.57
2025-12-09 00:00:00,10.01
2025-12-09 00:15:00,7.03
2025-12-09 00:30:00,4.95
2025-12-09 00:45:00,6.11
2025-12-09 01:00:00,3.14
2025-12-09 01:15:00,2.03
2025-12-09 01:30:00,15.66
2025-12-09 01:45:00,2.26
2025-12-09 02:00:00,6.08
2025-12-09 02:15:00,6.59
2025-12-09 02:30:00,5.4
2025-12-09 02:45:00,4.29
2025-12-09 03:00:00,8.61
2025-12-09 03:15:00,18.39
2025-12-09 03:30:00,26.91
2025-12-09 03:45:00,30.03
2025-12-09 04:00:00,4.81
2025-12-09 04:15:00,9.95
2025-12-09 04:30:00,5.79
2025-12-09 04:45:00,5.83
2025-12-09 05:00:00,9.07
2025-12-09 05:15:00,3.52
2025-12-09 05:30:00,3.37
2025-12-09 05:45:00,8.41
2025-12-09 06:00:00,8.78
2025-12-09 06:15:00,7.39
2025-12-09 06:30:00,10.25
2025-12-09 06:45:00,13.04
2025-12-09 07:00:00,2.67
2025-12-09 07:15:00,3.67
2025-12-09 07:30:00,1.88
2025-12-09 07:45:00,5.46
2025-12-09 08:00:00,5.37
2025-12-09 08:15:00,8.99
2025-12-09 08:30:00,6.81
2025-12-09 08:45:00,23.32
2025-12-09 09:00:00,13.7
2025-12-09 09:15:00,11.28
2025-12-09 09:30:00,6.27
2025-12-09 09:45:00,2.81
2025-12-09 10:00:00,1.34
2025-12-09 10:15:00,13.83
2025-12-09 10:30:00,9.8
2025-12-09 10:45:00,13.35
2025-12-09 11:00:00,8.73
2025-12-09 11:15:00,9.54
2025-12-09 11:30:00,3.26
2025-12-09 11:45:00,9.64
2025-12-09 12:00:00,12.04
2025-12-09 12:15:00,9.5
2025-12-09 12:30:00,11.09
2025-12-09 12:45:00,12.38
2025-12-09 13:00:00,15.89
2025-12-09 13:15:00,7.66
2025-12-09 13:30:00,27.59
2025-12-09 13:45:00,7.17
2025-12-09 14:00:00,10.67
2025-12-09 14:15:00,8.19
2025-12-09 14:30:00,2.89
2025-12-09 14:45:00,9.09
2025-12-09 15:00:00,2.88
2025-12-09 15:15:00,2.22
2025-12-09 15:30:00,5.58
2025-12-09 15:45:00,11.48
2025-12-09 16:00:00,9.22
2025-12-09 16:15:00,8.94
2025-12-09 16:30:00,2.76
2025-12-09 16:45:00,6.52
2025-12-09 17:00:00,12.12
2025-12-09 17:15:00,11.35
2025-12-09 17:30:00,19.93
2025-12-09 17:45:00,15.63
2025-12-09 18:00:00,21.94
2025-12-09 18:15:00,14.38
2025-12-09 18:30:00,2.36
2025-12-09 18:45:00,18.99
2025-12-09 19:00:00,3.14
2025-12-09 19:15:00,4.26
2025-12-09 19:30:00,15.93
2025-12-09 19:45:00,9.45
2025-12-09 20:00:00,16.12
2025-12-09 20:15:00,9.18
2025-12-09 20:30:00,10.17
2025-12-09 20:45:00,7.36
2025-12-09 21:00:00,10.67
2025-12-09 21:15:00,10.13
2025-12-09 21:30:00,3.64
2025-12-09 21:45:00,10.54
2025-12-09 22:00:00,9.77
2025-12-09 22:15:00,3.81
2025-12-09 22:30:00,9.48
2025-12-09 22:45:00,12.77
2025-12-09 23:00:00,9.2
2025-12-09 23:15:00,9.04
2025-12-09 23:30:00,19.39
2025-12-09 23:45:00,15.25
2025-12-10 00:00:00,9.12
2025-12-10 00:15:00,7.74
2025-12-10 00:30:00,5.01
2025-12-10 00:45:00,33.78
2025-12-10 01:00:00,12.95
2025-12-10 01:15:00,1.63
2025-12-10 01:30:00,3.07
2025-12-10 01:45:00,5.39
2025-12-10 02:00:00,3.77
2025-12-10 02:15:00,8.7
2025-12-10 02:30:00,8.29
2025-12-10 02:45:00,7.68
2025-12-10 03:00:00,5.18
2025-12-10 03:15:00,5.01
2025-12-10 03:30:00,15.96
2025-12-10 03:45:00,3.28
2025-12-10 04:00:00,6.24
2025-12-10 04:15:00,10.72
2025-12-10 04:30:00,2.85
2025-12-10 04:45:00,7.73
2025-12-10 05:00:00,5.3
2025-12-10 05:15:00,2.21
2025-12-10 05:30:00,7.41
2025-12-10 05:45:00,8.76
2025-12-10 06:00:00,6.71
2025-12-10 06:15:00,15.66
2025-12-10 06:30:00,10.77
2025-12-10 06:45:00,9.34
2025-12-10 07:00:00,8.46
2025-12-10 07:15:00,10.25
2025-12-10 07:30:00,10.49
2025-12-10 07:45:00,7.83
2025-12-10 08:00:00,10.65
2025-12-10 08:15:00,5.32
2025-12-10 08:30:00,15.58
2025-12-10 08:45:00,10.61
2025-12-10 09:00:00,15.3
2025-12-10 09:15:00,5.83
2025-12-10 09:30:00,14.33
2025-12-10 09:45:00,10.39
2025-12-10 10:00:00,9.21
2025-12-10 10:15:00,7.74
2025-12-10 10:30:00,7.6
2025-12-10 10:45:00,3.12
2025-12-10 11:00:00,6.73
2025-12-10 11:15:00,3.48
2025-12-10 11:30:00,6.64
2025-12-10 11:45:00,3.93
2025-12-10 12:00:00,8.57
2025-12-10 12:15:00,11.54
2025-12-10 12:30:00,3.31
2025-12-10 12:45:00,3.59
2025-12-10 13:00:00,2.97
2025-12-10 13:15:00,11.1
2025-12-10 13:30:00,19.83
2025-12-10 13:45:00,4.23
2025-12-10 14:00:00,5.3
2025-12-10 14:15:00,19.34
2025-12-10 14:30:00,2.93
2025-12-10 14:45:00,6.09
2025-12-10 15:00:00,8.67
2025-12-10 15:15:00,7.04
2025-12-10 15:30:00,3.84
2025-12-10 15:45:00,2.71
2025-12-10 16:00:00,9.37
2025-12-10 16:15:00,7.17
2025-12-10 16:30:00,8.31
2025-12-10 16:45:00,12.14
2025-12-10 17:00:00,14.2
2025-12-10 17:15:00,2.97
2025-12-10 17:30:00,30.04
2025-12-10 17:45:00,15.81
2025-12-10 18:00:00,10.69
2025-12-10 18:15:00,3.3
2025-12-10 18:30:00,2.62
2025-12-10 18:45:00,13.3
2025-12-10 19:00:00,18.75
2025-12-10 19:15:00,3.29
2025-12-10 19:30:00,9.46
2025-12-10 19:45:00,15.55
2025-12-10 20:00:00,5.12
2025-12-10 20:15:00,7.1
2025-12-10 20:30:00,10.08
2025-12-10 20:45:00,2.61
2025-12-10 21:00:00,9.52
2025-12-10 21:15:00,3.94
2025-12-10 21:30:00,11.5
2025-12-10 21:45:00,3.37
2025-12-10 22:00:00,9.66
2025-12-10 22:15:00,7.51
2025-12-10 22:30:00,8.59
2025-12-10 22:45:00,32.18
2025-12-10 23:00:00,3.18
2025-12-10 23:15:00,6.28
2025-12-10 23:30:00,9.87
2025-12-10 23:45:00,5.21
2025-12-11 00:00:00,3.89
2025-12-11 00:15:00,9.14
2025-12-11 00:30:00,3.97
2025-12-11 00:45:00,9.45
2025-12-11 01:00:00,2.15
2025-12-11 01:15:00,2.62
2025-12-11 01:30:00,2.45
2025-12-11 01:45:00,9.83
2025-12-11 02:00:00,22.83
2025-12-11 02:15:00,8.86
2025-12-11 02:30:00,7.46
2025-12-11 02:45:00,2.5
2025-12-11 03:00:00,10.12
2025-12-11 03:15:00,6.62
2025-12-11 03:30:00,9.81
2025-12-11 03:45:00,1.85
2025-12-11 04:00:00,6.74
2025-12-11 04:15:00,8.21
2025-12-11 04:30:00,8.74
2025-12-11 04:45:00,5.55
2025-12-11 05:00:00,11.43
2025-12-11 05:15:00,15.97
2025-12-11 05:30:00,2.98
2025-12-11 05:45:00,15.18
2025-12-11 06:00:00,8.77
2025-12-11 06:15:00,8.24
2025-12-11 06:30:00,9.91
2025-12-11 06:45:00,7.44
2025-12-11 07:00:00,21.86
2025-12-11 07:15:00,5.74
2025-12-11 07:30:00,2.59
2025-12-11 07:45:00,6.51
2025-12-11 08:00:00,12.3
2025-12-11 08:15:00,5.56
2025-12-11 08:30:00,2.31
2025-12-11 08:45:00,10.26
2025-12-11 09:00:00,16.27
2025-12-11 09:15:00,11.34
2025-12-11 09:30:00,15.92
2025-12-11 09:45:00,13.12
2025-12-11 10:00:00,4.07
2025-12-11 10:15:00,6.78
2025-12-11 10:30:00,12.43
2025-12-11 10:45:00,3.31
2025-12-11 11:00:00,6.99
2025-12-11 11:15:00,6.69
2025-12-11 11:30:00,1.77
2025-12-11 11:45:00,9.89
2025-12-11 12:00:00,11.05
2025-12-11 12:15:00,9.64
2025-12-11 12:30:00,16.99
2025-12-11 12:45:00,1.76
2025-12-11 13:00:00,21.52
2025-12-11 13:15:00,11.36
2025-12-11 13:30:00,9.75
2025-12-11 13:45:00,9.12
2025-12-11 14:00:00,8.92
2025-12-11 14:15:00,4.97
2025-12-11 14:30:00,9.1
2025-12-11 14:45:00,20.41
2025-12-11 15:00:00,2.93
2025-12-11 15:15:00,11.23
2025-12-11 15:30:00,8.41
2025-12-11 15:45:00,8.99
2025-12-11 16:00:00,6.37
2025-12-11 16:15:00,7.67
2025-12-11 16:30:00,8.79
2025-12-11 16:45:00,3.81
2025-12-11 17:00:00,20.94
2025-12-11 17:15:00,15.14
2025-12-11 17:30:00,12.6
2025-12-11 17:45:00,12.0
2025-12-11 18:00:00,5.22
2025-12-11 18:15:00,17.49
2025-12-11 18:30:00,2.7
2025-12-11 18:45:00,2.8
2025-12-11 19:00:00,2.81
2025-12-11 19:15:00,3.19
2025-12-11 19:30:00,35.79
2025-12-11 19:45:00,9.18
2025-12-11 20:00:00,8.83
2025-12-11 20:15:00,9.82
2025-12-11 20:30:00,2.88
2025-12-11 20:45:00,12.38
2025-12-11 21:00:00,8.23
2025-12-11 21:15:00,1.19
2025-12-11 21:30:00,7.56
2025-12-11 21:45:00,6.24
2025-12-11 22:00:00,10.37
2025-12-11 22:15:00,8.69
2025-12-11 22:30:00,12.11
2025-12-11 22:45:00,2.77
2025-12-11 23:00:00,2.69
2025-12-11 23:15:00,4.25
2025-12-11 23:30:00,7.64
2025-12-11 23:45:00,16.07
2025-12-12 00:00:00,5.84
2025-12-12 00:15:00,8.06
2025-12-12 00:30:00,4.85
2025-12-12 00:45:00,4.13
2025-12-12 01:00:00,5.34
2025-12-12 01:15:00,5.82
2025-12-12 01:30:00,15.68
2025-12-12 01:45:00,6.26
2025-12-12 02:00:00,11.12
2025-12-12 02:15:00,3.72
2025-12-12 02:30:00,17.26
2025-12-12 02:45:00,21.3
2025-12-12 03:00:00,23.9
2025-12-12 03:15:00,9.61
2025-12-12 03:30:00,4.85
2025-12-12 03:45:00,3.84
2025-12-12 04:00:00,4.98
2025-12-12 04:15:00,8.99
2025-12-12 04:30:00,6.81
2025-12-12 04:45:00,6.84
2025-12-12 05:00:00,3.05
2025-12-12 05:15:00,6.45
2025-12-12 05:30:00,6.72
2025-12-12 05:45:00,4.25
2025-12-12 06:00:00,9.99
2025-12-12 06:15:00,2.7
2025-12-12 06:30:00,17.41
2025-12-12 06:45:00,8.5
2025-12-12 07:00:00,7.31
2025-12-12 07:15:00,9.5
2025-12-12 07:30:00,10.28
2025-12-12 07:45:00,9.02
2025-12-12 08:00:00,11.04
2025-12-12 08:15:00,17.86
2025-12-12 08:30:00,10.82
2025-12-12 08:45:00,21.07
2025-12-12 09:00:00,14.19
2025-12-12 09:15:00,9.45
2025-12-12 09:30:00,5.09
2025-12-12 09:45:00,8.25
2025-12-12 10:00:00,10.58
2025-12-12 10:15:00,2.04
2025-12-12 10:30:00,14.2
2025-12-12 10:45:00,9.05
2025-12-12 11:00:00,9.96
2025-12-12 11:15:00,8.32
2025-12-12 11:30:00,2.91
2025-12-12 11:45:00,8.09
2025-12-12 12:00:00,2.59
2025-12-12 12:15:00,18.29
2025-12-12 12:30:00,17.22
2025-12-12 12:45:00,3.45
2025-12-12 13:00:00,13.58
2025-12-12 13:15:00,10.96
2025-12-12 13:30:00,14.44
2025-12-12 13:45:00,2.49
2025-12-12 14:00:00,9.31
2025-12-12 14:15:00,9.65
2025-12-12 14:30:00,5.99
2025-12-12 14:45:00,16.6
2025-12-12 15:00:00,7.94
2025-12-12 15:15:00,9.08
2025-12-12 15:30:00,9.58
2025-12-12 15:45:00,6.17
2025-12-12 16:00:00,2.68
2025-12-12 16:15:00,9.88
2025-12-12 16:30:00,7.23
2025-12-12 16:45:00,8.28
2025-12-12 17:00:00,13.16
2025-12-12 17:15:00,7.71
2025-12-12 17:30:00,18.55
2025-12-12 17:45:00,22.57
2025-12-12 18:00:00,10.29
2025-12-12 18:15:00,23.47
2025-12-12 18:30:00,9.81
2025-12-12 18:45:00,5.04
2025-12-12 19:00:00,18.82
2025-12-12 19:15:00,7.34
2025-12-12 19:30:00,2.78
2025-12-12 19:45:00,13.56
2025-12-12 20:00:00,7.06
2025-12-12 20:15:00,2.8
2025-12-12 20:30:00,1.49
2025-12-12 20:45:00,7.35
2025-12-12 21:00:00,2.88
2025-12-12 21:15:00,7.33
2025-12-12 21:30:00,1.88
2025-12-12 21:45:00,17.9
2025-12-12 22:00:00,19.0
2025-12-12 22:15:00,10.87
2025-12-12 22:30:00,6.56
2025-12-12 22:45:00,2.69
2025-12-12 23:00:00,4.48
2025-12-12 23:15:00,21.35
2025-12-12 23:30:00,15.26
2025-12-12 23:45:00,8.43
2025-12-13 00:00:00,0.0
2025-12-13 00:15:00,1.05
2025-12-13 00:30:00,1.81
2025-12-13 00:45:00,14.27
2025-12-13 01:00:00,5.39
2025-12-13 01:15:00,7.95
2025-12-13 01:30:00,0.74
2025-12-13 01:45:00,4.08
2025-12-13 02:00:00,0.59
2025-12-13 02:15:00,0.89
2025-12-13 02:30:00,4.82
2025-12-13 02:45:00,2.41
2025-12-13 03:00:00,4.69
2025-12-13 03:15:00,0.81
2025-12-13 03:30:00,1.99
2025-12-13 03:45:00,3.48
2025-12-13 04:00:00,0.85
2025-12-13 04:15:00,0.0
2025-12-13 04:30:00,2.67
2025-12-13 04:45:00,4.43
2025-12-13 05:00:00,7.42
2025-12-13 05:15:00,0.0
2025-12-13 05:30:00,3.94
2025-12-13 05:45:00,5.96
2025-12-13 06:00:00,8.13
2025-12-13 06:15:00,18.25
2025-12-13 06:30:00,2.18
2025-12-13 06:45:00,7.43
2025-12-13 07:00:00,0.0
2025-12-13 07:15:00,3.96
2025-12-13 07:30:00,6.71
2025-12-13 07:45:00,0.0
2025-12-13 08:00:00,13.25
2025-12-13 08:15:00,8.05
2025-12-13 08:30:00,8.6
2025-12-13 08:45:00,10.76
2025-12-13 09:00:00,24.36
2025-12-13 09:15:00,0.0
2025-12-13 09:30:00,8.09
2025-12-13 09:45:00,12.83
2025-12-13 10:00:00,0.0
2025-12-13 10:15:00,4.46
2025-12-13 10:30:00,6.51
2025-12-13 10:45:00,2.27
2025-12-13 11:00:00,0.0
2025-12-13 11:15:00,3.71
2025-12-13 11:30:00,3.13
2025-12-13 11:45:00,3.06
2025-12-13 12:00:00,4.03
2025-12-13 12:15:00,5.3
2025-12-13 12:30:00,4.16
2025-12-13 12:45:00,6.62
2025-12-13 13:00:00,11.61
2025-12-13 13:15:00,5.23
2025-12-13 13:30:00,2.76
2025-12-13 13:45:00,3.64
2025-12-13 14:00:00,0.0
2025-12-13 14:15:00,7.04
2025-12-13 14:30:00,2.39
2025-12-13 14:45:00,14.26
2025-12-13 15:00:00,3.53
2025-12-13 15:15:00,1.76
2025-12-13 15:30:00,5.65
2025-12-13 15:45:00,4.91
2025-12-13 16:00:00,4.04
2025-12-13 16:15:00,1.44
2025-12-13 16:30:00,2.4
2025-12-13 16:45:00,2.63
2025-12-13 17:00:00,9.91
2025-12-13 17:15:00,3.18
2025-12-13 17:30:00,11.6
2025-12-13 17:45:00,0.43
2025-12-13 18:00:00,2.08
2025-12-13 18:15:00,13.94
2025-12-13 18:30:00,12.96
2025-12-13 18:45:00,21.75
2025-12-13 19:00:00,31.47
2025-12-13 19:15:00,7.55
2025-12-13 19:30:00,9.19
2025-12-13 19:45:00,7.43
2025-12-13 20:00:00,0.0
2025-12-13 20:15:00,4.22
2025-12-13 20:30:00,4.32
2025-12-13 20:45:00,3.59
2025-12-13 21:00:00,6.61
2025-12-13 21:15:00,2.1
2025-12-13 21:30:00,4.73
2025-12-13 21:45:00,5.0
2025-12-13 22:00:00,13.62
2025-12-13 22:15:00,8.51
2025-12-13 22:30:00,6.31
2025-12-13 22:45:00,2.09
2025-12-13 23:00:00,1.98
2025-12-13 23:15:00,9.18
2025-12-13 23:30:00,4.19
2025-12-13 23:45:00,3.9
2025-12-14 00:00:00,0.0
2025-12-14 00:15:00,2.09
2025-12-14 00:30:00,0.0
2025-12-14 00:45:00,2.91
2025-12-14 01:00:00,2.34
2025-12-14 01:15:00,4.17
2025-12-14 01:30:00,4.38
2025-12-14 01:45:00,15.6
2025-12-14 02:00:00,12.54
2025-12-14 02:15:00,12.61
2025-12-14 02:30:00,6.02
2025-12-14 02:45:00,4.03
2025-12-14 03:00:00,20.48
2025-12-14 03:15:00,0.0
2025-12-14 03:30:00,3.43
2025-12-14 03:45:00,7.41
2025-12-14 04:00:00,2.33
2025-12-14 04:15:00,4.84
2025-12-14 04:30:00,2.27
2025-12-14 04:45:00,0.0
2025-12-14 05:00:00,7.11
2025-12-14 05:15:00,13.45
2025-12-14 05:30:00,0.0
2025-12-14 05:45:00,6.89
2025-12-14 06:00:00,5.48
2025-12-14 06:15:00,11.63
2025-12-14 06:30:00,4.63
2025-12-14 06:45:00,5.81
2025-12-14 07:00:00,3.15
2025-12-14 07:15:00,21.37
2025-12-14 07:30:00,2.1
2025-12-14 07:45:00,6.64
2025-12-14 08:00:00,9.4
2025-12-14 08:15:00,11.03
2025-12-14 08:30:00,3.22
2025-12-14 08:45:00,9.55
2025-12-14 09:00:00,9.93
2025-12-14 09:15:00,7.28
2025-12-14 09:30:00,1.59
2025-12-14 09:45:00,3.29
2025-12-14 10:00:00,1.32
2025-12-14 10:15:00,4.44
2025-12-14 10:30:00,0.0
2025-12-14 10:45:00,1.47
2025-12-14 11:00:00,9.17
2025-12-14 11:15:00,4.64
2025-12-14 11:30:00,6.95
2025-12-14 11:45:00,6.2
2025-12-14 12:00:00,0.1
2025-12-14 12:15:00,4.77
2025-12-14 12:30:00,9.91
2025-12-14 12:45:00,7.55
2025-12-14 13:00:00,4.72
2025-12-14 13:15:00,5.61
2025-12-14 13:30:00,7.3
2025-12-14 13:45:00,7.51
2025-12-14 14:00:00,13.47
2025-12-14 14:15:00,15.72
2025-12-14 14:30:00,3.59
2025-12-14 14:45:00,9.5
2025-12-14 15:00:00,7.94
2025-12-14 15:15:00,0.27
2025-12-14 15:30:00,4.18
2025-12-14 15:45:00,8.66
2025-12-14 16:00:00,6.59
2025-12-14 16:15:00,7.32
2025-12-14 16:30:00,4.62
2025-12-14 16:45:00,10.05
2025-12-14 17:00:00,11.91
2025-12-14 17:15:00,10.68
2025-12-14 17:30:00,11.19
2025-12-14 17:45:00,3.48
2025-12-14 18:00:00,8.52
2025-12-14 18:15:00,17.73
2025-12-14 18:30:00,13.27
2025-12-14 18:45:00,2.93
2025-12-14 19:00:00,7.66
2025-12-14 19:15:00,12.25
2025-12-14 19:30:00,8.05
2025-12-14 19:45:00,15.31
2025-12-14 20:00:00,27.11
2025-12-14 20:15:00,5.89
2025-12-14 20:30:00,11.83
2025-12-14 20:45:00,4.3
2025-12-14 21:00:00,8.08
2025-12-14 21:15:00,0.0
2025-12-14 21:30:00,3.42
2025-12-14 21:45:00,5.47
2025-12-14 22:00:00,5.4
2025-12-14 22:15:00,10.13
2025-12-14 22:30:00,15.6
2025-12-14 22:45:00,1.92
2025-12-14 23:00:00,1.04
2025-12-14 23:15:00,2.92
2025-12-14 23:30:00,0.0
2025-12-14 23:45:00,0.65
2025-12-15 00:00:00,21.04
2025-12-15 00:15:00,15.38
2025-12-15 00:30:00,4.59
2025-12-15 00:45:00,2.66
2025-12-15 01:00:00,9.12
2025-12-15 01:15:00,6.28
2025-12-15 01:30:00,6.06
2025-12-15 01:45:00,5.62
2025-12-15 02:00:00,4.22
2025-12-15 02:15:00,7.7
2025-12-15 02:30:00,7.01
2025-12-15 02:45:00,5.51
2025-12-15 03:00:00,6.65
2025-12-15 03:15:00,7.32
2025-12-15 03:30:00,8.33
2025-12-15 03:45:00,8.85
2025-12-15 04:00:00,36.91
2025-12-15 04:15:00,5.97
2025-12-15 04:30:00,21.9
2025-12-15 04:45:00,4.8
2025-12-15 05:00:00,19.52
2025-12-15 05:15:00,8.97
2025-12-15 05:30:00,7.16
2025-12-15 05:45:00,9.6
2025-12-15 06:00:00,3.5
2025-12-15 06:15:00,23.43
2025-12-15 06:30:00,9.21
2025-12-15 06:45:00,2.87
2025-12-15 07:00:00,7.83
2025-12-15 07:15:00,3.89
2025-12-15 07:30:00,6.09
2025-12-15 07:45:00,9.12
2025-12-15 08:00:00,2.31
2025-12-15 08:15:00,17.72
2025-12-15 08:30:00,7.04
2025-12-15 08:45:00,5.49
2025-12-15 09:00:00,15.7
2025-12-15 09:15:00,4.47
2025-12-15 09:30:00,14.57
2025-12-15 09:45:00,16.49
2025-12-15 10:00:00,2.89
2025-12-15 10:15:00,9.21
2025-12-15 10:30:00,27.14
2025-12-15 10:45:00,20.94
2025-12-15 11:00:00,8.92
2025-12-15 11:15:00,16.14
2025-12-15 11:30:00,9.21
2025-12-15 11:45:00,9.38
2025-12-15 12:00:00,8.79
2025-12-15 12:15:00,3.72
2025-12-15 12:30:00,4.29
2025-12-15 12:45:00,7.22
2025-12-15 13:00:00,9.01
2025-12-15 13:15:00,10.69
2025-12-15 13:30:00,8.43
2025-12-15 13:45:00,8.37
2025-12-15 14:00:00,9.94
2025-12-15 14:15:00,7.76
2025-12-15 14:30:00,8.39
2025-12-15 14:45:00,18.73
2025-12-15 15:00:00,10.21
2025-12-15 15:15:00,3.63
2025-12-15 15:30:00,2.52
2025-12-15 15:45:00,16.53
2025-12-15 16:00:00,8.85
2025-12-15 16:15:00,4.48
2025-12-15 16:30:00,15.01
2025-12-15 16:45:00,10.17
2025-12-15 17:00:00,12.27
2025-12-15 17:15:00,5.6
2025-12-15 17:30:00,14.99
2025-12-15 17:45:00,6.05
2025-12-15 18:00:00,4.67
2025-12-15 18:15:00,15.19
2025-12-15 18:30:00,5.08
2025-12-15 18:45:00,10.94
2025-12-15 19:00:00,2.93
2025-12-15 19:15:00,10.25
2025-12-15 19:30:00,3.51
2025-12-15 19:45:00,13.43
2025-12-15 20:00:00,11.25
2025-12-15 20:15:00,7.39
2025-12-15 20:30:00,13.67
2025-12-15 20:45:00,8.54
2025-12-15 21:00:00,6.77
2025-12-15 21:15:00,19.96
2025-12-15 21:30:00,2.42
2025-12-15 21:45:00,10.71
2025-12-15 22:00:00,14.12
2025-12-15 22:15:00,14.34
2025-12-15 22:30:00,2.1
2025-12-15 22:45:00,15.99
2025-12-15 23:00:00,5.9
2025-12-15 23:15:00,18.75
2025-12-15 23:30:00,7.27
2025-12-15 23:45:00,1.46
2025-12-16 00:00:00,4.34
2025-12-16 00:15:00,4.77
2025-12-16 00:30:00,6.06
2025-12-16 00:45:00,4.98
2025-12-16 01:00:00,4.32
2025-12-16 01:15:00,14.24
2025-12-16 01:30:00,2.29
2025-12-16 01:45:00,4.89
2025-12-16 02:00:00,0.96
2025-12-16 02:15:00,3.26
2025-12-16 02:30:00,9.01
2025-12-16 02:45:00,3.9
2025-12-16 03:00:00,9.72
2025-12-16 03:15:00,10.96
2025-12-16 03:30:00,2.97
2025-12-16 03:45:00,5.9
2025-12-16 04:00:00,9.82
2025-12-16 04:15:00,16.39
2025-12-16 04:30:00,2.7
2025-12-16 04:45:00,13.09
2025-12-16 05:00:00,8.35
2025-12-16 05:15:00,8.79
2025-12-16 05:30:00,3.25
2025-12-16 05:45:00,2.11
2025-12-16 06:00:00,5.7
2025-12-16 06:15:00,7.62
2025-12-16 06:30:00,2.1
2025-12-16 06:45:00,8.14
2025-12-16 07:00:00,21.2
2025-12-16 07:15:00,7.96
2025-12-16 07:30:00,9.97
2025-12-16 07:45:00,13.59
2025-12-16 08:00:00,4.26
2025-12-16 08:15:00,5.53
2025-12-16 08:30:00,7.68
2025-12-16 08:45:00,6.41
2025-12-16 09:00:00,14.91
2025-12-16 09:15:00,8.93
2025-12-16 09:30:00,18.44
2025-12-16 09:45:00,4.24
2025-12-16 10:00:00,10.87
2025-12-16 10:15:00,14.82
2025-12-16 10:30:00,1.23
2025-12-16 10:45:00,20.61
2025-12-16 11:00:00,10.07
2025-12-16 11:15:00,2.04
2025-12-16 11:30:00,8.84
2025-12-16 11:45:00,7.68
2025-12-16 12:00:00,18.91
2025-12-16 12:15:00,5.13
2025-12-16 12:30:00,3.48
2025-12-16 12:45:00,8.87
2025-12-16 13:00:00,7.97
2025-12-16 13:15:00,2.27
2025-12-16 13:30:00,9.36
2025-12-16 13:45:00,7.68
2025-12-16 14:00:00,9.13
2025-12-16 14:15:00,13.35
2025-12-16 14:30:00,7.88
2025-12-16 14:45:00,2.95
2025-12-16 15:00:00,10.41
2025-12-16 15:15:00,7.96
2025-12-16 15:30:00,6.03
2025-12-16 15:45:00,7.67
2025-12-16 16:00:00,10.15
2025-12-16 16:15:00,17.34
2025-12-16 16:30:00,9.07
2025-12-16 16:45:00,7.66
2025-12-16 17:00:00,15.45
2025-12-16 17:15:00,10.63
2025-12-16 17:30:00,4.44
2025-12-16 17:45:00,6.54
2025-12-16 18:00:00,12.94
2025-12-16 18:15:00,4.64
2025-12-16 18:30:00,3.9
2025-12-16 18:45:00,4.24
2025-12-16 19:00:00,7.77
2025-12-16 19:15:00,3.02
2025-12-16 19:30:00,2.23
2025-12-16 19:45:00,3.67
2025-12-16 20:00:00,5.36
2025-12-16 20:15:00,15.46
2025-12-16 20:30:00,13.3
2025-12-16 20:45:00,7.27
2025-12-16 21:00:00,8.5
2025-12-16 21:15:00,3.31
2025-12-16 21:30:00,10.36
2025-12-16 21:45:00,3.11
2025-12-16 22:00:00,2.54
2025-12-16 22:15:00,9.4
2025-12-16 22:30:00,7.72
2025-12-16 22:45:00,8.15
2025-12-16 23:00:00,9.17
2025-12-16 23:15:00,6.27
2025-12-16 23:30:00,2.32
2025-12-16 23:45:00,5.67
2025-12-17 00:00:00,3.19
2025-12-17 00:15:00,2.63
2025-12-17 00:30:00,5.74
2025-12-17 00:45:00,4.92
2025-12-17 01:00:00,4.38
2025-12-17 01:15:00,5.59
2025-12-17 01:30:00,7.06
2025-12-17 01:45:00,9.14
2025-12-17 02:00:00,7.49
2025-12-17 02:15:00,7.51
2025-12-17 02:30:00,6.11
2025-12-17 02:45:00,2.64
2025-12-17 03:00:00,5.63
2025-12-17 03:15:00,10.5
2025-12-17 03:30:00,5.31
2025-12-17 03:45:00,10.74
2025-12-17 04:00:00,15.21
2025-12-17 04:15:00,12.64
2025-12-17 04:30:00,7.37
2025-12-17 04:45:00,10.05
2025-12-17 05:00:00,8.68
2025-12-17 05:15:00,6.89
2025-12-17 05:30:00,2.28
2025-12-17 05:45:00,6.96
2025-12-17 06:00:00,9.46
2025-12-17 06:15:00,7.12
2025-12-17 06:30:00,4.22
2025-12-17 06:45:00,10.6
2025-12-17 07:00:00,10.5
2025-12-17 07:15:00,22.69
2025-12-17 07:30:00,7.18
2025-12-17 07:45:00,9.2
2025-12-17 08:00:00,12.36
2025-12-17 08:15:00,10.85
2025-12-17 08:30:00,3.85
2025-12-17 08:45:00,10.49
2025-12-17 09:00:00,8.58
2025-12-17 09:15:00,9.94
2025-12-17 09:30:00,10.1
2025-12-17 09:45:00,13.23
2025-12-17 10:00:00,9.36
2025-12-17 10:15:00,7.67
2025-12-17 10:30:00,21.46
2025-12-17 10:45:00,7.47
2025-12-17 11:00:00,6.6
2025-12-17 11:15:00,3.33
2025-12-17 11:30:00,8.12
2025-12-17 11:45:00,2.0
2025-12-17 12:00:00,2.84
2025-12-17 12:15:00,11.75
2025-12-17 12:30:00,2.43
2025-12-17 12:45:00,9.13
2025-12-17 13:00:00,20.07
2025-12-17 13:15:00,7.82
2025-12-17 13:30:00,4.59
2025-12-17 13:45:00,12.89
2025-12-17 14:00:00,16.04
2025-12-17 14:15:00,8.14
2025-12-17 14:30:00,9.45
2025-12-17 14:45:00,3.04
2025-12-17 15:00:00,6.15
2025-12-17 15:15:00,9.38
2025-12-17 15:30:00,3.11
2025-12-17 15:45:00,8.79
2025-12-17 16:00:00,10.59
2025-12-17 16:15:00,8.2
2025-12-17 16:30:00,7.38
2025-12-17 16:45:00,2.82
2025-12-17 17:00:00,11.89
2025-12-17 17:15:00,18.57
2025-12-17 17:30:00,12.68
2025-12-17 17:45:00,7.57
2025-12-17 18:00:00,24.67
2025-12-17 18:15:00,13.18
2025-12-17 18:30:00,4.63
2025-12-17 18:45:00,13.83
2025-12-17 19:00:00,9.02
2025-12-17 19:15:00,22.01
2025-12-17 19:30:00,9.9
2025-12-17 19:45:00,9.37
2025-12-17 20:00:00,8.92
2025-12-17 20:15:00,5.62
2025-12-17 20:30:00,2.51
2025-12-17 20:45:00,9.43
2025-12-17 21:00:00,9.45
2025-12-17 21:15:00,9.3
2025-12-17 21:30:00,8.35
2025-12-17 21:45:00,8.0
2025-12-17 22:00:00,5.83
2025-12-17 22:15:00,7.85
2025-12-17 22:30:00,5.3
2025-12-17 22:45:00,8.1
2025-12-17 23:00:00,3.77
2025-12-17 23:15:00,7.87
2025-12-17 23:30:00,1.58
2025-12-17 23:45:00,7.09
2025-12-18 00:00:00,4.77
2025-12-18 00:15:00,3.16
2025-12-18 00:30:00,3.2
2025-12-18 00:45:00,6.48
2025-12-18 01:00:00,3.1
2025-12-18 01:15:00,12.26
2025-12-18 01:30:00,6.44
2025-12-18 01:45:00,4.66
2025-12-18 02:00:00,3.82
2025-12-18 02:15:00,5.42
2025-12-18 02:30:00,2.33
2025-12-18 02:45:00,7.78
2025-12-18 03:00:00,9.58
2025-12-18 03:15:00,6.01
2025-12-18 03:30:00,5.92
2025-12-18 03:45:00,9.09
2025-12-18 04:00:00,5.19
2025-12-18 04:15:00,2.19
2025-12-18 04:30:00,2.89
2025-12-18 04:45:00,4.85
2025-12-18 05:00:00,2.25
2025-12-18 05:15:00,8.24
2025-12-18 05:30:00,6.29
2025-12-18 05:45:00,8.97
2025-12-18 06:00:00,7.3
2025-12-18 06:15:00,9.93
2025-12-18 06:30:00,6.71
2025-12-18 06:45:00,2.77
2025-12-18 07:00:00,2.43
2025-12-18 07:15:00,9.03
2025-12-18 07:30:00,14.61
2025-12-18 07:45:00,9.87
2025-12-18 08:00:00,9.73
2025-12-18 08:15:00,10.84
2025-12-18 08:30:00,14.11
2025-12-18 08:45:00,10.41
2025-12-18 09:00:00,4.19
2025-12-18 09:15:00,11.3
2025-12-18 09:30:00,18.07
2025-12-18 09:45:00,6.73
2025-12-18 10:00:00,1.12
2025-12-18 10:15:00,3.91
2025-12-18 10:30:00,10.48
2025-12-18 10:45:00,6.82
2025-12-18 11:00:00,7.71
2025-12-18 11:15:00,10.42
2025-12-18 11:30:00,18.94
2025-12-18 11:45:00,3.26
2025-12-18 12:00:00,3.43
2025-12-18 12:15:00,7.41
2025-12-18 12:30:00,2.87
2025-12-18 12:45:00,17.21
2025-12-18 13:00:00,6.78
2025-12-18 13:15:00,9.31
2025-12-18 13:30:00,3.14
2025-12-18 13:45:00,9.76
2025-12-18 14:00:00,2.46
2025-12-18 14:15:00,3.02
2025-12-18 14:30:00,13.39
2025-12-18 14:45:00,2.96
2025-12-18 15:00:00,9.15
2025-12-18 15:15:00,9.27
2025-12-18 15:30:00,6.54
2025-12-18 15:45:00,2.67
2025-12-18 16:00:00,10.16
2025-12-18 16:15:00,12.46
2025-12-18 16:30:00,2.24
2025-12-18 16:45:00,9.35
2025-12-18 17:00:00,9.52
2025-12-18 17:15:00,3.26
2025-12-18 17:30:00,2.33
2025-12-18 17:45:00,3.5
2025-12-18 18:00:00,11.15
2025-12-18 18:15:00,19.51
2025-12-18 18:30:00,19.82
2025-12-18 18:45:00,17.16
2025-12-18 19:00:00,18.68
2025-12-18 19:15:00,13.82
2025-12-18 19:30:00,9.83
2025-12-18 19:45:00,6.74
2025-12-18 20:00:00,0.89
2025-12-18 20:15:00,2.48
2025-12-18 20:30:00,16.06
2025-12-18 20:45:00,33.56
2025-12-18 21:00:00,10.05
2025-12-18 21:15:00,18.74
2025-12-18 21:30:00,14.18
2025-12-18 21:45:00,10.57
2025-12-18 22:00:00,18.32
2025-12-18 22:15:00,2.67
2025-12-18 22:30:00,7.12
2025-12-18 22:45:00,36.41
2025-12-18 23:00:00,4.98
2025-12-18 23:15:00,16.82
2025-12-18 23:30:00,10.31
2025-12-18 23:45:00,7.53
2025-12-19 00:00:00,13.78
2025-12-19 00:15:00,23.79
2025-12-19 00:30:00,18.51
2025-12-19 00:45:00,2.77
2025-12-19 01:00:00,5.58
2025-12-19 01:15:00,10.12
2025-12-19 01:30:00,3.06
2025-12-19 01:45:00,12.86
2025-12-19 02:00:00,1.98
2025-12-19 02:15:00,6.26
2025-12-19 02:30:00,5.97
2025-12-19 02:45:00,2.47
2025-12-19 03:00:00,6.83
2025-12-19 03:15:00,7.17
2025-12-19 03:30:00,20.79
2025-12-19 03:45:00,8.4
2025-12-19 04:00:00,7.41
2025-12-19 04:15:00,18.24
2025-12-19 04:30:00,3.32
2025-12-19 04:45:00,4.68
2025-12-19 05:00:00,14.55
2025-12-19 05:15:00,4.43
2025-12-19 05:30:00,5.02
2025-12-19 05:45:00,7.55
2025-12-19 06:00:00,9.21
2025-12-19 06:15:00,16.54
2025-12-19 06:30:00,29.61
2025-12-19 06:45:00,2.46
2025-12-19 07:00:00,7.66
2025-12-19 07:15:00,3.08
2025-12-19 07:30:00,9.18
2025-12-19 07:45:00,10.28
2025-12-19 08:00:00,16.05
2025-12-19 08:15:00,10.39
2025-12-19 08:30:00,11.71
2025-12-19 08:45:00,28.01
2025-12-19 09:00:00,14.55
2025-12-19 09:15:00,6.43
2025-12-19 09:30:00,14.15
2025-12-19 09:45:00,9.13
2025-12-19 10:00:00,9.59
2025-12-19 10:15:00,2.96
2025-12-19 10:30:00,20.81
2025-12-19 10:45:00,3.43
2025-12-19 11:00:00,8.96
2025-12-19 11:15:00,7.25
2025-12-19 11:30:00,9.62
2025-12-19 11:45:00,18.17
2025-12-19 12:00:00,10.04
2025-12-19 12:15:00,1.03
2025-12-19 12:30:00,11.43
2025-12-19 12:45:00,6.97
2025-12-19 13:00:00,17.91
2025-12-19 13:15:00,6.9
2025-12-19 13:30:00,8.85
2025-12-19 13:45:00,6.88
2025-12-19 14:00:00,10.7
2025-12-19 14:15:00,16.21
2025-12-19 14:30:00,9.83
2025-12-19 14:45:00,7.96
2025-12-19 15:00:00,15.27
2025-12-19 15:15:00,3.26
2025-12-19 15:30:00,8.69
2025-12-19 15:45:00,20.15
2025-12-19 16:00:00,5.44
2025-12-19 16:15:00,2.97
2025-12-19 16:30:00,20.98
2025-12-19 16:45:00,9.56
2025-12-19 17:00:00,9.69
2025-12-19 17:15:00,13.47
2025-12-19 17:30:00,5.06
2025-12-19 17:45:00,11.24
2025-12-19 18:00:00,17.9
2025-12-19 18:15:00,12.31
2025-12-19 18:30:00,15.14
2025-12-19 18:45:00,19.93
2025-12-19 19:00:00,12.2
2025-12-19 19:15:00,9.97
2025-12-19 19:30:00,17.57
2025-12-19 19:45:00,11.82
2025-12-19 20:00:00,1.72
2025-12-19 20:15:00,16.99
2025-12-19 20:30:00,10.38
2025-12-19 20:45:00,7.15
2025-12-19 21:00:00,7.78
2025-12-19 21:15:00,9.59
2025-12-19 21:30:00,10.58
2025-12-19 21:45:00,17.19
2025-12-19 22:00:00,10.18
2025-12-19 22:15:00,12.03
2025-12-19 22:30:00,9.45
2025-12-19 22:45:00,9.95
2025-12-19 23:00:00,6.06
2025-12-19 23:15:00,3.39
2025-12-19 23:30:00,4.08
2025-12-19 23:45:00,6.81
2025-12-20 00:00:00,5.17
2025-12-20 00:15:00,1.91
2025-12-20 00:30:00,3.51
2025-12-20 00:45:00,3.04
2025-12-20 01:00:00,2.68
2025-12-20 01:15:00,13.89
2025-12-20 01:30:00,1.16
2025-12-20 01:45:00,0.38
2025-12-20 02:00:00,3.91
2025-12-20 02:15:00,13.37
2025-12-20 02:30:00,6.11
2025-12-20 02:45:00,6.66
2025-12-20 03:00:00,1.77
2025-12-20 03:15:00,3.89
2025-12-20 03:30:00,4.11
2025-12-20 03:45:00,4.11
2025-12-20 04:00:00,3.73
2025-12-20 04:15:00,14.57
2025-12-20 04:30:00,4.27
2025-12-20 04:45:00,6.77
2025-12-20 05:00:00,4.41
2025-12-20 05:15:00,24.73
2025-12-20 05:30:00,6.46
2025-12-20 05:45:00,5.15
2025-12-20 06:00:00,4.5
2025-12-20 06:15:00,2.67
2025-12-20 06:30:00,25.08
2025-12-20 06:45:00,14.85
2025-12-20 07:00:00,0.0
2025-12-20 07:15:00,2.55
2025-12-20 07:30:00,0.0
2025-12-20 07:45:00,17.45
2025-12-20 08:00:00,0.31
2025-12-20 08:15:00,0.47
2025-12-20 08:30:00,8.82
2025-12-20 08:45:00,23.79
2025-12-20 09:00:00,7.76
2025-12-20 09:15:00,11.82
2025-12-20 09:30:00,12.64
2025-12-20 09:45:00,31.9
2025-12-20 10:00:00,5.59
2025-12-20 10:15:00,3.7
2025-12-20 10:30:00,4.61
2025-12-20 10:45:00,0.0
2025-12-20 11:00:00,6.35
2025-12-20 11:15:00,8.0
2025-12-20 11:30:00,4.22
2025-12-20 11:45:00,6.33
2025-12-20 12:00:00,0.0
2025-12-20 12:15:00,4.0
2025-12-20 12:30:00,0.19
2025-12-20 12:45:00,5.27
2025-12-20 13:00:00,8.19
2025-12-20 13:15:00,0.0
2025-12-20 13:30:00,4.75
2025-12-20 13:45:00,5.22
2025-12-20 14:00:00,7.12
2025-12-20 14:15:00,0.24
2025-12-20 14:30:00,0.0
2025-12-20 14:45:00,13.53
2025-12-20 15:00:00,1.8
2025-12-20 15:15:00,6.79
2025-12-20 15:30:00,0.0
2025-12-20 15:45:00,5.39
2025-12-20 16:00:00,1.42
2025-12-20 16:15:00,4.91
2025-12-20 16:30:00,16.57
2025-12-20 16:45:00,6.45
2025-12-20 17:00:00,0.63
2025-12-20 17:15:00,15.09
2025-12-20 17:30:00,23.17
2025-12-20 17:45:00,7.96
2025-12-20 18:00:00,8.06
2025-12-20 18:15:00,10.9
2025-12-20 18:30:00,16.63
2025-12-20 18:45:00,15.29
2025-12-20 19:00:00,14.1
2025-12-20 19:15:00,2.61
2025-12-20 19:30:00,7.49
2025-12-20 19:45:00,5.64
2025-12-20 20:00:00,4.47
2025-12-20 20:15:00,2.89
2025-12-20 20:30:00,4.53
2025-12-20 20:45:00,4.49
2025-12-20 21:00:00,0.0
2025-12-20 21:15:00,3.0
2025-12-20 21:30:00,0.29
2025-12-20 21:45:00,2.12
2025-12-20 22:00:00,4.07
2025-12-20 22:15:00,0.0
2025-12-20 22:30:00,0.66
2025-12-20 22:45:00,4.86
2025-12-20 23:00:00,0.09
2025-12-20 23:15:00,6.08
2025-12-20 23:30:00,0.0
2025-12-20 23:45:00,0.76
2025-12-21 00:00:00,5.26
2025-12-21 00:15:00,10.86
2025-12-21 00:30:00,8.65
2025-12-21 00:45:00,0.19
2025-12-21 01:00:00,5.04
2025-12-21 01:15:00,0.0
2025-12-21 01:30:00,2.13
2025-12-21 01:45:00,13.43
2025-12-21 02:00:00,3.19
2025-12-21 02:15:00,0.0
2025-12-21 02:30:00,1.27
2025-12-21 02:45:00,0.24
2025-12-21 03:00:00,1.22
2025-12-21 03:15:00,0.0
2025-12-21 03:30:00,8.94
2025-12-21 03:45:00,4.37
2025-12-21 04:00:00,8.32
2025-12-21 04:15:00,0.0
2025-12-21 04:30:00,3.33
2025-12-21 04:45:00,10.97
2025-12-21 05:00:00,6.74
2025-12-21 05:15:00,0.46
2025-12-21 05:30:00,5.42
2025-12-21 05:45:00,3.08
2025-12-21 06:00:00,0.0
2025-12-21 06:15:00,6.38
2025-12-21 06:30:00,0.0
2025-12-21 06:45:00,6.46
2025-12-21 07:00:00,5.73
2025-12-21 07:15:00,0.99
2025-12-21 07:30:00,9.53
2025-12-21 07:45:00,7.14
2025-12-21 08:00:00,7.84
2025-12-21 08:15:00,9.92
2025-12-21 08:30:00,7.2
2025-12-21 08:45:00,8.72
2025-12-21 09:00:00,0.19
2025-12-21 09:15:00,16.77
2025-12-21 09:30:00,29.64
2025-12-21 09:45:00,2.48
2025-12-21 10:00:00,0.0
2025-12-21 10:15:00,3.74
2025-12-21 10:30:00,4.55
2025-12-21 10:45:00,10.67
2025-12-21 11:00:00,6.16
2025-12-21 11:15:00,1.11
2025-12-21 11:30:00,6.19
2025-12-21 11:45:00,3.2
2025-12-21 12:00:00,6.09
2025-12-21 12:15:00,9.08
2025-12-21 12:30:00,6.81
2025-12-21 12:45:00,6.03
2025-12-21 13:00:00,9.16
2025-12-21 13:15:00,4.47
2025-12-21 13:30:00,18.55
2025-12-21 13:45:00,8.25
2025-12-21 14:00:00,10.55
2025-12-21 14:15:00,6.2
2025-12-21 14:30:00,5.87
2025-12-21 14:45:00,7.98
2025-12-21 15:00:00,0.0
2025-12-21 15:15:00,17.45
2025-12-21 15:30:00,0.0
2025-12-21 15:45:00,13.26
2025-12-21 16:00:00,9.59
2025-12-21 16:15:00,5.96
2025-12-21 16:30:00,2.02
2025-12-21 16:45:00,5.6
2025-12-21 17:00:00,8.17
2025-12-21 17:15:00,11.69
2025-12-21 17:30:00,6.75
2025-12-21 17:45:00,7.06
2025-12-21 18:00:00,11.21
2025-12-21 18:15:00,1.08
2025-12-21 18:30:00,1.91
2025-12-21 18:45:00,3.25
2025-12-21 19:00:00,19.63
2025-12-21 19:15:00,16.55
2025-12-21 19:30:00,17.54
2025-12-21 19:45:00,0.78
2025-12-21 20:00:00,6.44
2025-12-21 20:15:00,0.0
2025-12-21 20:30:00,6.81
2025-12-21 20:45:00,2.64
2025-12-21 21:00:00,6.06
2025-12-21 21:15:00,4.13
2025-12-21 21:30:00,12.17
2025-12-21 21:45:00,6.47
2025-12-21 22:00:00,6.45
2025-12-21 22:15:00,5.82
2025-12-21 22:30:00,0.0
2025-12-21 22:45:00,0.77
2025-12-21 23:00:00,0.22
2025-12-21 23:15:00,0.0
2025-12-21 23:30:00,3.01
2025-12-21 23:45:00,2.51
2025-12-22 00:00:00,10.06
2025-12-22 00:15:00,3.87
2025-12-22 00:30:00,3.54
2025-12-22 00:45:00,5.49
2025-12-22 01:00:00,23.81
2025-12-22 01:15:00,2.22
2025-12-22 01:30:00,6.78
2025-12-22 01:45:00,5.48
2025-12-22 02:00:00,6.98
2025-12-22 02:15:00,3.93
2025-12-22 02:30:00,1.72
2025-12-22 02:45:00,9.86
2025-12-22 03:00:00,12.91
2025-12-22 03:15:00,4.04
2025-12-22 03:30:00,2.79
2025-12-22 03:45:00,3.32
2025-12-22 04:00:00,6.49
2025-12-22 04:15:00,6.31
2025-12-22 04:30:00,1.83
2025-12-22 04:45:00,11.23
2025-12-22 05:00:00,7.48
2025-12-22 05:15:00,12.09
2025-12-22 05:30:00,8.52
2025-12-22 05:45:00,22.15
2025-12-22 06:00:00,8.09
2025-12-22 06:15:00,7.19
2025-12-22 06:30:00,10.51
2025-12-22 06:45:00,7.18
2025-12-22 07:00:00,7.79
2025-12-22 07:15:00,7.57
2025-12-22 07:30:00,8.66
2025-12-22 07:45:00,17.98
2025-12-22 08:00:00,6.67
2025-12-22 08:15:00,13.2
2025-12-22 08:30:00,14.63
2025-12-22 08:45:00,5.46
2025-12-22 09:00:00,18.69
2025-12-22 09:15:00,14.76
2025-12-22 09:30:00,8.3
2025-12-22 09:45:00,10.3
2025-12-22 10:00:00,10.94
2025-12-22 10:15:00,17.1
2025-12-22 10:30:00,21.08
2025-12-22 10:45:00,11.94
2025-12-22 11:00:00,18.48
2025-12-22 11:15:00,9.65
2025-12-22 11:30:00,11.4
2025-12-22 11:45:00,9.82
2025-12-22 12:00:00,3.32
2025-12-22 12:15:00,9.22
2025-12-22 12:30:00,6.18
2025-12-22 12:45:00,2.12
2025-12-22 13:00:00,7.17
2025-12-22 13:15:00,7.86
2025-12-22 13:30:00,3.33
2025-12-22 13:45:00,10.13
2025-12-22 14:00:00,9.85
2025-12-22 14:15:00,9.58
2025-12-22 14:30:00,8.01
2025-12-22 14:45:00,17.17
2025-12-22 15:00:00,8.4
2025-12-22 15:15:00,9.0
2025-12-22 15:30:00,15.89
2025-12-22 15:45:00,13.17
2025-12-22 16:00:00,5.39
2025-12-22 16:15:00,12.02
2025-12-22 16:30:00,4.52
2025-12-22 16:45:00,9.7
2025-12-22 17:00:00,17.91
2025-12-22 17:15:00,22.88
2025-12-22 17:30:00,9.72
2025-12-22 17:45:00,21.17
2025-12-22 18:00:00,12.49
2025-12-22 18:15:00,8.7
2025-12-22 18:30:00,14.55
2025-12-22 18:45:00,12.15
2025-12-22 19:00:00,7.53
2025-12-22 19:15:00,9.95
2025-12-22 19:30:00,8.36
2025-12-22 19:45:00,19.11
2025-12-22 20:00:00,22.44
2025-12-22 20:15:00,3.48
2025-12-22 20:30:00,6.01
2025-12-22 20:45:00,8.15
2025-12-22 21:00:00,11.29
2025-12-22 21:15:00,8.1
2025-12-22 21:30:00,8.23
2025-12-22 21:45:00,2.79
2025-12-22 22:00:00,5.64
2025-12-22 22:15:00,10.31
2025-12-22 22:30:00,19.61
2025-12-22 22:45:00,11.88
2025-12-22 23:00:00,3.02
2025-12-22 23:15:00,4.33
2025-12-22 23:30:00,6.33
2025-12-22 23:45:00,8.36
2025-12-23 00:00:00,18.09
2025-12-23 00:15:00,8.09
2025-12-23 00:30:00,1.57
2025-12-23 00:45:00,10.65
2025-12-23 01:00:00,9.94
2025-12-23 01:15:00,2.69
2025-12-23 01:30:00,5.5
2025-12-23 01:45:00,7.16
2025-12-23 02:00:00,3.56
2025-12-23 02:15:00,14.75
2025-12-23 02:30:00,2.95
2025-12-23 02:45:00,9.43
2025-12-23 03:00:00,10.26
2025-12-23 03:15:00,6.18
2025-12-23 03:30:00,7.05
2025-12-23 03:45:00,5.78
2025-12-23 04:00:00,2.43
2025-12-23 04:15:00,8.54
2025-12-23 04:30:00,5.28
2025-12-23 04:45:00,4.58
2025-12-23 05:00:00,11.85
2025-12-23 05:15:00,8.56
2025-12-23 05:30:00,5.21
2025-12-23 05:45:00,3.84
2025-12-23 06:00:00,6.23
2025-12-23 06:15:00,9.62
2025-12-23 06:30:00,2.16
2025-12-23 06:45:00,8.89
2025-12-23 07:00:00,8.27
2025-12-23 07:15:00,2.33
2025-12-23 07:30:00,8.82
2025-12-23 07:45:00,39.1
2025-12-23 08:00:00,12.16
2025-12-23 08:15:00,10.12
2025-12-23 08:30:00,12.08
2025-12-23 08:45:00,11.68
2025-12-23 09:00:00,15.89
2025-12-23 09:15:00,13.65
2025-12-23 09:30:00,15.5
2025-12-23 09:45:00,19.36
2025-12-23 10:00:00,32.77
2025-12-23 10:15:00,3.49
2025-12-23 10:30:00,1.78
2025-12-23 10:45:00,6.51
2025-12-23 11:00:00,4.9
2025-12-23 11:15:00,10.96
2025-12-23 11:30:00,4.34
2025-12-23 11:45:00,10.58
2025-12-23 12:00:00,1.41
2025-12-23 12:15:00,9.3
2025-12-23 12:30:00,1.79
2025-12-23 12:45:00,17.44
2025-12-23 13:00:00,17.72
2025-12-23 13:15:00,10.79
2025-12-23 13:30:00,12.31
2025-12-23 13:45:00,10.71
2025-12-23 14:00:00,10.59
2025-12-23 14:15:00,2.78
2025-12-23 14:30:00,9.57
2025-12-23 14:45:00,9.48
2025-12-23 15:00:00,7.07
2025-12-23 15:15:00,20.1
2025-12-23 15:30:00,2.97
2025-12-23 15:45:00,7.91
2025-12-23 16:00:00,3.66
2025-12-23 16:15:00,2.69
2025-12-23 16:30:00,3.02
2025-12-23 16:45:00,8.64
2025-12-23 17:00:00,4.13
2025-12-23 17:15:00,10.56
2025-12-23 17:30:00,18.93
2025-12-23 17:45:00,4.24
2025-12-23 18:00:00,18.13
2025-12-23 18:15:00,4.07
2025-12-23 18:30:00,31.44
2025-12-23 18:45:00,22.15
2025-12-23 19:00:00,7.23
2025-12-23 19:15:00,10.67
2025-12-23 19:30:00,19.57
2025-12-23 19:45:00,8.2
2025-12-23 20:00:00,2.71
2025-12-23 20:15:00,8.43
2025-12-23 20:30:00,11.78
2025-12-23 20:45:00,6.92
2025-12-23 21:00:00,7.83
2025-12-23 21:15:00,20.23
2025-12-23 21:30:00,7.79
2025-12-23 21:45:00,9.25
2025-12-23 22:00:00,18.71
2025-12-23 22:15:00,8.63
2025-12-23 22:30:00,6.53
2025-12-23 22:45:00,3.71
2025-12-23 23:00:00,2.12
2025-12-23 23:15:00,7.67
2025-12-23 23:30:00,3.54
2025-12-23 23:45:00,12.85
2025-12-24 00:00:00,12.15
2025-12-24 00:15:00,5.63
2025-12-24 00:30:00,6.3
2025-12-24 00:45:00,2.69
2025-12-24 01:00:00,3.41
2025-12-24 01:15:00,9.11
2025-12-24 01:30:00,8.87
2025-12-24 01:45:00,1.62
2025-12-24 02:00:00,7.13
2025-12-24 02:15:00,7.54
2025-12-24 02:30:00,12.66
2025-12-24 02:45:00,10.82
2025-12-24 03:00:00,2.59
2025-12-24 03:15:00,2.87
2025-12-24 03:30:00,13.83
2025-12-24 03:45:00,3.03
2025-12-24 04:00:00,17.76
2025-12-24 04:15:00,24.19
2025-12-24 04:30:00,7.26
2025-12-24 04:45:00,9.24
2025-12-24 05:00:00,18.94
2025-12-24 05:15:00,8.26
2025-12-24 05:30:00,7.93
2025-12-24 05:45:00,6.84
2025-12-24 06:00:00,2.98
2025-12-24 06:15:00,9.03
2025-12-24 06:30:00,9.21
2025-12-24 06:45:00,8.28
2025-12-24 07:00:00,9.22
2025-12-24 07:15:00,9.76
2025-12-24 07:30:00,31.76
2025-12-24 07:45:00,15.96
2025-12-24 08:00:00,14.53
2025-12-24 08:15:00,4.46
2025-12-24 08:30:00,12.27
2025-12-24 08:45:00,13.82
2025-12-24 09:00:00,12.68
2025-12-24 09:15:00,11.29
2025-12-24 09:30:00,4.59
2025-12-24 09:45:00,9.41
2025-12-24 10:00:00,1.64
2025-12-24 10:15:00,14.35
2025-12-24 10:30:00,10.83
2025-12-24 10:45:00,8.59
2025-12-24 11:00:00,13.44
2025-12-24 11:15:00,8.28
2025-12-24 11:30:00,3.46
2025-12-24 11:45:00,31.34
2025-12-24 12:00:00,2.77
2025-12-24 12:15:00,8.94
2025-12-24 12:30:00,3.62
2025-12-24 12:45:00,16.25
2025-12-24 13:00:00,1.89
2025-12-24 13:15:00,1.19
2025-12-24 13:30:00,10.79
2025-12-24 13:45:00,2.51
2025-12-24 14:00:00,8.26
2025-12-24 14:15:00,9.95
2025-12-24 14:30:00,6.54
2025-12-24 14:45:00,4.1
2025-12-24 15:00:00,10.62
2025-12-24 15:15:00,8.9
2025-12-24 15:30:00,16.58
2025-12-24 15:45:00,11.59
2025-12-24 16:00:00,2.44
2025-12-24 16:15:00,7.44
2025-12-24 16:30:00,3.27
2025-12-24 16:45:00,3.19
2025-12-24 17:00:00,12.61
2025-12-24 17:15:00,11.09
2025-12-24 17:30:00,17.81
2025-12-24 17:45:00,12.04
2025-12-24 18:00:00,22.84
2025-12-24 18:15:00,18.88
2025-12-24 18:30:00,14.0
2025-12-24 18:45:00,16.12
2025-12-24 19:00:00,3.31
2025-12-24 19:15:00,23.45
2025-12-24 19:30:00,2.59
2025-12-24 19:45:00,2.25
2025-12-24 20:00:00,7.67
2025-12-24 20:15:00,7.49
2025-12-24 20:30:00,8.12
2025-12-24 20:45:00,3.47
2025-12-24 21:00:00,21.78
2025-12-24 21:15:00,6.53
2025-12-24 21:30:00,8.84
2025-12-24 21:45:00,9.29
2025-12-24 22:00:00,9.08
2025-12-24 22:15:00,7.94
2025-12-24 22:30:00,18.04
2025-12-24 22:45:00,8.52
2025-12-24 23:00:00,2.79
2025-12-24 23:15:00,11.09
2025-12-24 23:30:00,18.16
2025-12-24 23:45:00,6.4
2025-12-25 00:00:00,5.98
2025-12-25 00:15:00,4.86
2025-12-25 00:30:00,9.36
2025-12-25 00:45:00,9.96
2025-12-25 01:00:00,5.76
2025-12-25 01:15:00,24.3
2025-12-25 01:30:00,6.1
2025-12-25 01:45:00,6.42
2025-12-25 02:00:00,3.97
2025-12-25 02:15:00,7.5
2025-12-25 02:30:00,25.81
2025-12-25 02:45:00,1.57
2025-12-25 03:00:00,15.02
2025-12-25 03:15:00,4.63
2025-12-25 03:30:00,4.65
2025-12-25 03:45:00,2.48
2025-12-25 04:00:00,5.24
2025-12-25 04:15:00,1.72
2025-12-25 04:30:00,4.19
2025-12-25 04:45:00,15.72
2025-12-25 05:00:00,14.9
2025-12-25 05:15:00,6.46
2025-12-25 05:30:00,2.76
2025-12-25 05:45:00,7.07
2025-12-25 06:00:00,15.75
2025-12-25 06:15:00,5.74
2025-12-25 06:30:00,6.44
2025-12-25 06:45:00,3.26
2025-12-25 07:00:00,7.66
2025-12-25 07:15:00,9.26
2025-12-25 07:30:00,17.59
2025-12-25 07:45:00,3.2
2025-12-25 08:00:00,13.7
2025-12-25 08:15:00,3.92
2025-12-25 08:30:00,11.03
2025-12-25 08:45:00,5.41
2025-12-25 09:00:00,11.18
2025-12-25 09:15:00,4.02
2025-12-25 09:30:00,21.39
2025-12-25 09:45:00,11.33
2025-12-25 10:00:00,19.38
2025-12-25 10:15:00,3.66
2025-12-25 10:30:00,8.86
2025-12-25 10:45:00,7.34
2025-12-25 11:00:00,9.16
2025-12-25 11:15:00,18.75
2025-12-25 11:30:00,9.1
2025-12-25 11:45:00,11.27
2025-12-25 12:00:00,10.37
2025-12-25 12:15:00,7.35
2025-12-25 12:30:00,8.2
2025-12-25 12:45:00,2.69
2025-12-25 13:00:00,9.35
2025-12-25 13:15:00,12.81
2025-12-25 13:30:00,7.69
2025-12-25 13:45:00,10.69
2025-12-25 14:00:00,9.67
2025-12-25 14:15:00,2.14
2025-12-25 14:30:00,14.15
2025-12-25 14:45:00,2.88
2025-12-25 15:00:00,10.05
2025-12-25 15:15:00,8.12
2025-12-25 15:30:00,8.09
2025-12-25 15:45:00,4.13
2025-12-25 16:00:00,8.28
2025-12-25 16:15:00,9.08
2025-12-25 16:30:00,3.5
2025-12-25 16:45:00,7.82
2025-12-25 17:00:00,2.76
2025-12-25 17:15:00,5.12
2025-12-25 17:30:00,9.87
2025-12-25 17:45:00,11.75
2025-12-25 18:00:00,20.16
2025-12-25 18:15:00,9.11
2025-12-25 18:30:00,9.87
2025-12-25 18:45:00,12.89
2025-12-25 19:00:00,9.48
2025-12-25 19:15:00,9.02
2025-12-25 19:30:00,3.15
2025-12-25 19:45:00,17.19
2025-12-25 20:00:00,2.29
2025-12-25 20:15:00,3.87
2025-12-25 20:30:00,7.03
2025-12-25 20:45:00,14.13
2025-12-25 21:00:00,2.77
2025-12-25 21:15:00,9.03
2025-12-25 21:30:00,16.11
2025-12-25 21:45:00,9.27
2025-12-25 22:00:00,2.27
2025-12-25 22:15:00,8.5
2025-12-25 22:30:00,7.93
2025-12-25 22:45:00,6.4
2025-12-25 23:00:00,6.53
2025-12-25 23:15:00,2.33
2025-12-25 23:30:00,5.38
2025-12-25 23:45:00,5.42
2025-12-26 00:00:00,6.06
2025-12-26 00:15:00,3.69
2025-12-26 00:30:00,7.0
2025-12-26 00:45:00,9.16
2025-12-26 01:00:00,7.36
2025-12-26 01:15:00,9.87
2025-12-26 01:30:00,2.93
2025-12-26 01:45:00,6.32
2025-12-26 02:00:00,10.66
2025-12-26 02:15:00,5.84
2025-12-26 02:30:00,23.13
2025-12-26 02:45:00,8.5
2025-12-26 03:00:00,2.83
2025-12-26 03:15:00,8.04
2025-12-26 03:30:00,4.17
2025-12-26 03:45:00,3.49
2025-12-26 04:00:00,15.68
2025-12-26 04:15:00,4.12
2025-12-26 04:30:00,5.94
2025-12-26 04:45:00,6.38
2025-12-26 05:00:00,13.61
2025-12-26 05:15:00,10.59
2025-12-26 05:30:00,7.65
2025-12-26 05:45:00,2.92
2025-12-26 06:00:00,9.73
2025-12-26 06:15:00,5.7
2025-12-26 06:30:00,14.06
2025-12-26 06:45:00,8.76
2025-12-26 07:00:00,9.87
2025-12-26 07:15:00,9.41
2025-12-26 07:30:00,6.46
2025-12-26 07:45:00,18.81
2025-12-26 08:00:00,28.74
2025-12-26 08:15:00,11.42
2025-12-26 08:30:00,12.4
2025-12-26 08:45:00,12.22
2025-12-26 09:00:00,14.36
2025-12-26 09:15:00,13.24
2025-12-26 09:30:00,10.78
2025-12-26 09:45:00,17.34
2025-12-26 10:00:00,13.94
2025-12-26 10:15:00,2.73
2025-12-26 10:30:00,8.95
2025-12-26 10:45:00,9.48
2025-12-26 11:00:00,3.29
2025-12-26 11:15:00,5.67
2025-12-26 11:30:00,9.95
2025-12-26 11:45:00,2.83
2025-12-26 12:00:00,12.47
2025-12-26 12:15:00,12.8
2025-12-26 12:30:00,9.29
2025-12-26 12:45:00,19.55
2025-12-26 13:00:00,7.84
2025-12-26 13:15:00,3.87
2025-12-26 13:30:00,9.76
2025-12-26 13:45:00,7.7
2025-12-26 14:00:00,8.57
2025-12-26 14:15:00,5.01
2025-12-26 14:30:00,2.3
2025-12-26 14:45:00,7.28
2025-12-26 15:00:00,9.07
2025-12-26 15:15:00,9.33
2025-12-26 15:30:00,10.06
2025-12-26 15:45:00,3.78
2025-12-26 16:00:00,6.88
2025-12-26 16:15:00,5.95
2025-12-26 16:30:00,9.53
2025-12-26 16:45:00,13.34
2025-12-26 17:00:00,3.76
2025-12-26 17:15:00,11.34
2025-12-26 17:30:00,16.48
2025-12-26 17:45:00,9.63
2025-12-26 18:00:00,10.34
2025-12-26 18:15:00,14.6
2025-12-26 18:30:00,15.24
2025-12-26 18:45:00,9.53
2025-12-26 19:00:00,18.38
2025-12-26 19:15:00,17.58
2025-12-26 19:30:00,3.16
2025-12-26 19:45:00,8.21
2025-12-26 20:00:00,8.17
2025-12-26 20:15:00,15.08
2025-12-26 20:30:00,2.23
2025-12-26 20:45:00,34.45
2025-12-26 21:00:00,4.33
2025-12-26 21:15:00,2.36
2025-12-26 21:30:00,11.32
2025-12-26 21:45:00,2.77
2025-12-26 22:00:00,8.33
2025-12-26 22:15:00,7.72
2025-12-26 22:30:00,2.67
2025-12-26 22:45:00,9.39
2025-12-26 23:00:00,17.15
2025-12-26 23:15:00,3.47
2025-12-26 23:30:00,6.28
2025-12-26 23:45:00,5.78
2025-12-27 00:00:00,1.48
2025-12-27 00:15:00,21.81
2025-12-27 00:30:00,1.37
2025-12-27 00:45:00,0.98
2025-12-27 01:00:00,0.0
2025-12-27 01:15:00,4.7
2025-12-27 01:30:00,4.51
2025-12-27 01:45:00,0.0
2025-12-27 02:00:00,3.11
2025-12-27 02:15:00,1.17
2025-12-27 02:30:00,1.7
2025-12-27 02:45:00,15.08
2025-12-27 03:00:00,0.84
2025-12-27 03:15:00,1.92
2025-12-27 03:30:00,2.89
2025-12-27 03:45:00,0.35
2025-12-27 04:00:00,0.03
2025-12-27 04:15:00,0.0
2025-12-27 04:30:00,2.92
2025-12-27 04:45:00,5.88
2025-12-27 05:00:00,6.45
2025-12-27 05:15:00,4.95
2025-12-27 05:30:00,7.26
2025-12-27 05:45:00,0.38
2025-12-27 06:00:00,0.0
2025-12-27 06:15:00,25.47
2025-12-27 06:30:00,16.34
2025-12-27 06:45:00,16.35
2025-12-27 07:00:00,0.0
2025-12-27 07:15:00,5.03
2025-12-27 07:30:00,5.59
2025-12-27 07:45:00,5.17
2025-12-27 08:00:00,13.27
2025-12-27 08:15:00,4.94
2025-12-27 08:30:00,1.2
2025-12-27 08:45:00,12.46
2025-12-27 09:00:00,15.33
2025-12-27 09:15:00,8.35
2025-12-27 09:30:00,10.06
2025-12-27 09:45:00,10.76
2025-12-27 10:00:00,4.25
2025-12-27 10:15:00,0.0
2025-12-27 10:30:00,3.98
2025-12-27 10:45:00,5.07
2025-12-27 11:00:00,5.12
2025-12-27 11:15:00,13.28
2025-12-27 11:30:00,5.49
2025-12-27 11:45:00,4.71
2025-12-27 12:00:00,4.7
2025-12-27 12:15:00,10.95
2025-12-27 12:30:00,12.65
2025-12-27 12:45:00,10.74
2025-12-27 13:00:00,0.0
2025-12-27 13:15:00,7.11
2025-12-27 13:30:00,0.39
2025-12-27 13:45:00,6.5
2025-12-27 14:00:00,6.0
2025-12-27 14:15:00,4.82
2025-12-27 14:30:00,5.43
2025-12-27 14:45:00,4.91
2025-12-27 15:00:00,8.83
2025-12-27 15:15:00,7.67
2025-12-27 15:30:00,4.83
2025-12-27 15:45:00,4.75
2025-12-27 16:00:00,6.02
2025-12-27 16:15:00,6.46
2025-12-27 16:30:00,7.32
2025-12-27 16:45:00,7.43
2025-12-27 17:00:00,8.41
2025-12-27 17:15:00,24.25
2025-12-27 17:30:00,12.89
2025-12-27 17:45:00,12.36
2025-12-27 18:00:00,11.41
2025-12-27 18:15:00,3.58
2025-12-27 18:30:00,13.66
2025-12-27 18:45:00,5.71
2025-12-27 19:00:00,8.42
2025-12-27 19:15:00,8.49
2025-12-27 19:30:00,6.56
2025-12-27 19:45:00,1.44
2025-12-27 20:00:00,0.0
2025-12-27 20:15:00,7.27
2025-12-27 20:30:00,7.12
2025-12-27 20:45:00,0.0
2025-12-27 21:00:00,9.38
2025-12-27 21:15:00,12.15
2025-12-27 21:30:00,4.96
2025-12-27 21:45:00,2.92
2025-12-27 22:00:00,6.08
2025-12-27 22:15:00,2.88
2025-12-27 22:30:00,6.73
2025-12-27 22:45:00,7.29
2025-12-27 23:00:00,3.79
2025-12-27 23:15:00,3.46
2025-12-27 23:30:00,1.81
2025-12-27 23:45:00,15.92
2025-12-28 00:00:00,20.87
2025-12-28 00:15:00,1.17
2025-12-28 00:30:00,0.52
2025-12-28 00:45:00,0.0
2025-12-28 01:00:00,3.85
2025-12-28 01:15:00,8.61
2025-12-28 01:30:00,5.48
2025-12-28 01:45:00,4.64
2025-12-28 02:00:00,2.54
2025-12-28 02:15:00,2.65
2025-12-28 02:30:00,16.41
2025-12-28 02:45:00,5.03
2025-12-28 03:00:00,18.89
2025-12-28 03:15:00,0.0
2025-12-28 03:30:00,1.28
2025-12-28 03:45:00,4.57
2025-12-28 04:00:00,6.3
2025-12-28 04:15:00,4.4
2025-12-28 04:30:00,0.66
2025-12-28 04:45:00,13.56
2025-12-28 05:00:00,16.69
2025-12-28 05:15:00,3.9
2025-12-28 05:30:00,3.41
2025-12-28 05:45:00,1.29
2025-12-28 06:00:00,6.7
2025-12-28 06:15:00,0.0
2025-12-28 06:30:00,5.6
2025-12-28 06:45:00,5.05
2025-12-28 07:00:00,7.24
2025-12-28 07:15:00,12.25
2025-12-28 07:30:00,2.53
2025-12-28 07:45:00,4.54
2025-12-28 08:00:00,0.0
2025-12-28 08:15:00,0.14
2025-12-28 08:30:00,14.36
2025-12-28 08:45:00,16.07
2025-12-28 09:00:00,2.35
2025-12-28 09:15:00,12.16
2025-12-28 09:30:00,1.4
2025-12-28 09:45:00,6.33
2025-12-28 10:00:00,4.83
2025-12-28 10:15:00,7.06
2025-12-28 10:30:00,0.99
2025-12-28 10:45:00,6.77
2025-12-28 11:00:00,4.01
2025-12-28 11:15:00,3.46
2025-12-28 11:30:00,5.85
2025-12-28 11:45:00,0.44
2025-12-28 12:00:00,1.0
2025-12-28 12:15:00,0.0
2025-12-28 12:30:00,2.3
2025-12-28 12:45:00,12.79
2025-12-28 13:00:00,5.71
2025-12-28 13:15:00,9.13
2025-12-28 13:30:00,4.91
2025-12-28 13:45:00,1.42
2025-12-28 14:00:00,6.24
2025-12-28 14:15:00,7.75
2025-12-28 14:30:00,0.0
2025-12-28 14:45:00,10.43
2025-12-28 15:00:00,6.2
2025-12-28 15:15:00,4.85
2025-12-28 15:30:00,5.0
2025-12-28 15:45:00,5.19
2025-12-28 16:00:00,9.26
2025-12-28 16:15:00,9.83
2025-12-28 16:30:00,6.88
2025-12-28 16:45:00,19.49
2025-12-28 17:00:00,10.93
2025-12-28 17:15:00,12.36
2025-12-28 17:30:00,16.42
2025-12-28 17:45:00,9.19
2025-12-28 18:00:00,2.25
2025-12-28 18:15:00,7.94
2025-12-28 18:30:00,13.65
2025-12-28 18:45:00,19.4
2025-12-28 19:00:00,24.8
2025-12-28 19:15:00,18.83
2025-12-28 19:30:00,2.05
2025-12-28 19:45:00,9.46
2025-12-28 20:00:00,6.43
2025-12-28 20:15:00,3.48
2025-12-28 20:30:00,5.34
2025-12-28 20:45:00,10.06
2025-12-28 21:00:00,5.05
2025-12-28 21:15:00,18.16
2025-12-28 21:30:00,6.38
2025-12-28 21:45:00,0.0
2025-12-28 22:00:00,21.46
2025-12-28 22:15:00,0.0
2025-12-28 22:30:00,6.55
2025-12-28 22:45:00,16.66
2025-12-28 23:00:00,15.34
2025-12-28 23:15:00,5.9
2025-12-28 23:30:00,4.29
2025-12-28 23:45:00,6.94
2025-12-29 00:00:00,8.87
2025-12-29 00:15:00,3.69
2025-12-29 00:30:00,6.65
2025-12-29 00:45:00,5.66
2025-12-29 01:00:00,4.77
2025-12-29 01:15:00,13.4
2025-12-29 01:30:00,6.22
2025-12-29 01:45:00,5.54
2025-12-29 02:00:00,10.19
2025-12-29 02:15:00,5.47
2025-12-29 02:30:00,13.53
2025-12-29 02:45:00,2.84
2025-12-29 03:00:00,6.05
2025-12-29 03:15:00,5.09
2025-12-29 03:30:00,5.7
2025-12-29 03:45:00,6.22
2025-12-29 04:00:00,13.38
2025-12-29 04:15:00,6.52
2025-12-29 04:30:00,6.67
2025-12-29 04:45:00,12.2
2025-12-29 05:00:00,20.78
2025-12-29 05:15:00,21.05
2025-12-29 05:30:00,8.57
2025-12-29 05:45:00,2.64
2025-12-29 06:00:00,9.93
2025-12-29 06:15:00,8.5
2025-12-29 06:30:00,9.48
2025-12-29 06:45:00,8.15
2025-12-29 07:00:00,8.66
2025-12-29 07:15:00,7.39
2025-12-29 07:30:00,2.05
2025-12-29 07:45:00,17.73
2025-12-29 08:00:00,20.04
2025-12-29 08:15:00,6.47
2025-12-29 08:30:00,5.15
2025-12-29 08:45:00,12.73
2025-12-29 09:00:00,4.32
2025-12-29 09:15:00,13.94
2025-12-29 09:30:00,15.2
2025-12-29 09:45:00,13.72
2025-12-29 10:00:00,3.49
2025-12-29 10:15:00,16.42
2025-12-29 10:30:00,20.68
2025-12-29 10:45:00,5.93
2025-12-29 11:00:00,7.2
2025-12-29 11:15:00,9.09
2025-12-29 11:30:00,7.49
2025-12-29 11:45:00,10.11
2025-12-29 12:00:00,2.5
2025-12-29 12:15:00,3.38
2025-12-29 12:30:00,5.37
2025-12-29 12:45:00,2.67
2025-12-29 13:00:00,1.54
2025-12-29 13:15:00,21.8
2025-12-29 13:30:00,9.1
2025-12-29 13:45:00,7.92
2025-12-29 14:00:00,3.27
2025-12-29 14:15:00,9.66
2025-12-29 14:30:00,5.99
2025-12-29 14:45:00,3.16
2025-12-29 15:00:00,9.04
2025-12-29 15:15:00,5.21
2025-12-29 15:30:00,9.65
2025-12-29 15:45:00,9.72
2025-12-29 16:00:00,8.48
2025-12-29 16:15:00,8.93
2025-12-29 16:30:00,8.85
2025-12-29 16:45:00,3.48
2025-12-29 17:00:00,13.25
2025-12-29 17:15:00,11.72
2025-12-29 17:30:00,13.1
2025-12-29 17:45:00,3.99
2025-12-29 18:00:00,12.72
2025-12-29 18:15:00,13.2
2025-12-29 18:30:00,8.71
2025-12-29 18:45:00,13.86
2025-12-29 19:00:00,2.31
2025-12-29 19:15:00,2.2
2025-12-29 19:30:00,17.91
2025-12-29 19:45:00,16.31
2025-12-29 20:00:00,2.17
2025-12-29 20:15:00,33.77
2025-12-29 20:30:00,3.02
2025-12-29 20:45:00,16.01
2025-12-29 21:00:00,3.97
2025-12-29 21:15:00,3.15
2025-12-29 21:30:00,3.08
2025-12-29 21:45:00,2.97
2025-12-29 22:00:00,31.15
2025-12-29 22:15:00,13.02
2025-12-29 22:30:00,7.81
2025-12-29 22:45:00,8.32
2025-12-29 23:00:00,4.33
2025-12-29 23:15:00,16.02
2025-12-29 23:30:00,5.93
2025-12-29 23:45:00,14.96
